ID_ch_wc_cru;ID_iucn;species
4;2;Cephalophus callipygus
5;3;Cephalophus dorsalis
6;6;Cephalophus leucogaster
7;7;Philantomba maxwellii
8;8;Philantomba monticola
9;9;Cephalophus natalensis
10;10;Cephalophus niger
11;11;Cephalophus nigrifrons
12;12;Cephalophus ogilbyi
13;17;Ceratotherium simum
14;19;Cercopithecus mitis
15;20;Cephalophus rufilatus
16;21;Cephalophus silvicultor
17;24;Cephalophus weynsi
18;33;Cercopithecus ascanius
19;34;Lagothrix lagotricha
20;37;Cercopithecus cephus
21;38;Chiroderma salvini
22;40;Chiroderma trinitatum
23;42;Odocoileus hemionus
24;43;Cercopithecus mona
25;44;Cercopithecus neglectus
26;47;Cercopithecus nictitans
27;48;Cercopithecus petaurista
28;50;Odocoileus virginianus
29;54;Chlorocebus aethiops
30;57;Cerdocyon thous
31;58;Capreolus capreolus
32;59;Cervus albirostris
33;64;Chaerephon aloysiisabaudiae
34;65;Chaerephon ansorgei
35;66;Chaerephon bemmeleni
36;67;Chaerephon pumilus
37;68;Chaerephon bivittatus
38;69;Chaerephon chapini
39;72;Chaerephon jobensis
40;73;Chaerephon nigeriae
41;74;Chaerephon plicatus
42;77;Chaerephon major
43;78;Chaerephon russatus
44;83;Chaetodipus formosus
45;85;Chalinolobus nigrogriseus
46;88;Chaetophractus villosus
47;89;Chalinolobus dwyeri
48;90;Chalinolobus gouldii
49;93;Chalinolobus morio
50;96;Myodes rufocanus
51;97;Chalinolobus picatus
52;99;Cloeotis percivali
53;101;Cheiromeles torquatus
54;106;Murina ussuriensis
55;112;Chinchilla chinchilla
56;114;Chiroderma doriae
57;115;Chiroderma villosum
58;117;Chironectes minimus
59;120;Ovis canadensis
60;121;Chiropotes albinasus
61;124;Coelops frithii
62;127;Chlamyphorus truncatus
63;132;Choeroniscus godmani
64;133;Choeroniscus minor
65;135;Choeronycteris mexicana
66;136;Choloepus didactylus
67;137;Choloepus hoffmanni
68;138;Coendou bicolor
69;139;Coendou nycthemera
70;142;Abrothrix jelskii
71;148;Chrotopterus auritus
72;152;Chrysocyon brachyurus
73;155;Pipistrellus hesperus
74;156;Coleura afra
75;157;Colobus angolensis
76;158;Dasypus sabanicola
77;159;Clyomys laticeps
78;160;Dasypus septemcinctus
79;161;Colobus guereza
80;164;Colobus vellerosus
81;166;Connochaetes gnou
82;167;Connochaetes taurinus
83;168;Panthera onca
84;169;Panthera pardus
85;174;Panthera tigris
86;194;Sundamys muelleri
87;195;Crocidura attila
88;200;Crocuta crocuta
89;205;Fukomys bocagei
90;207;Fukomys damarensis
91;208;Fukomys mechowi
92;209;Fukomys ochraceocinereus
93;210;Cryptoprocta ferox
94;212;Plerotes anchietae
95;217;Makalata macrura
96;245;Cuon alpinus
97;246;Cynogale bennettii
98;256;Lepus victoriae
99;258;Cyclopes didactylus
100;259;Cynopterus sphinx
101;262;Cynopterus brachyotis
102;263;Cynopterus horsfieldii
103;264;Emballonura alecto
104;266;Dactylopsila trivirgata
105;267;Rousettus amplexicaudatus
106;273;Genetta abyssinica
107;274;Cynopterus titthaecheilus
108;275;Damaliscus lunatus
109;279;Dasyprocta azarae
110;281;Dasyprocta prymnolopha
111;284;Cyttarops alecto
112;287;Dactylomys dactylinus
113;289;Dasypus hybridus
114;294;Dasypus kappleri
115;295;Dasypus novemcinctus
116;299;Dasyprocta fuliginosa
117;304;Desmodus rotundus
118;305;Diclidurus isabella
119;306;Diclidurus scutatus
120;310;Dasyurus albopunctatus
121;311;Dasyurus maculatus
122;315;Dendrohyrax arboreus
123;316;Dendrohyrax dorsalis
124;321;Dendromus melanotis
125;322;Dendromus mesomelas
126;323;Glossophaga longirostris
127;337;Dephomys defua
128;342;Nanger granti
129;343;Desmana moschata
130;344;Diaemus youngi
131;345;Leptonycteris curasoae
132;347;Diceros bicornis
133;350;Diclidurus albus
134;351;Diclidurus ingens
135;354;Dinomys branickii
136;356;Diphylla ecaudata
137;370;Dipodomys spectabilis
138;374;Distoechurus pennatus
139;375;Dobsonia minor
140;381;Eidolon helvum
141;382;Elaphodus cephalophus
142;388;Dolichotis patagonum
143;389;Dolichotis salinicola
144;392;Dremomys rufigenis
145;397;Atelocynus microtis
146;399;Lycalopex vetulus
147;400;Lycalopex gymnocercus
148;401;Lycalopex culpaeus
149;402;Dyacopterus spadiceus
150;408;Phyllomys lamarum
151;412;Echymipera kalubu
152;419;Echymipera rufescens
153;423;Eidolon dupreanum
154;427;Elephantulus rupestris
155;428;Elephas maximus
156;430;Eliomys quercinus
157;434;Ellobius fuscocapillus
158;435;Ellobius lutescens
159;437;Tlacuatzin canescens
160;438;Emballonura monticola
161;439;Hipposideros ater
162;441;Epomophorus wahlbergi
163;446;Hipposideros diadema
164;447;Moschus moschiferus
165;451;Eonycteris spelaea
166;453;Eozapus setchuanus
167;456;Eonycteris major
168;462;Myodes shanseius
169;463;Wallabia bicolor
170;464;Epixerus ebii
171;465;Cercartetus concinnus
172;466;Epomophorus angolensis
173;468;Epomophorus gambianus
174;469;Epomops buettikoferi
175;470;Epomops dobsonii
176;471;Epomops franqueti
177;472;Eptesicus nilssonii
178;473;Eptesicus serotinus
179;474;Eptesicus andinus
180;475;Vespadelus finlaysoni
181;476;Vespadelus baverstocki
182;477;Eptesicus bobrinskoi
183;478;Eptesicus bottae
184;480;Eptesicus brasiliensis
185;481;Vespadelus caurinus
186;482;Vespadelus darlingtoni
187;484;Equus kiang
188;487;Vespadelus vulturnus
189;489;Eptesicus floweri
190;490;Eptesicus furinalis
191;491;Eptesicus fuscus
192;492;Eptesicus hottentotus
193;494;Eptesicus nasutus
194;495;Equus hemionus
195;496;Eptesicus pachyotis
196;499;Vespadelus regulus
197;502;Vespadelus troughtoni
198;505;Eremodipus lichtensteini
199;508;Erethizon dorsatum
200;511;Phalanger orientalis
201;513;Erythrocebus patas
202;515;Dama dama
203;517;Euderma maculatum
204;519;Gazella leptoceros
205;530;Eumops auripendulus
206;531;Eumops dabbenei
207;532;Eumops hansae
208;533;Eumops maurus
209;534;Eumops perotis
210;535;Eumops underwoodi
211;544;Euryzygomatomys spinosus
212;547;Felis bieti
213;548;Felis chaus
214;550;Felis margarita
215;551;Felis nigripes
216;557;Funisciurus leucogenys
217;558;Furipterus horrens
218;562;Galago gallarum
219;563;Gazella dorcas
220;565;Galago moholi
221;566;Galago senegalensis
222;570;Galea spixii
223;577;Eudorcas rufifrons
224;578;Gazella bennettii
225;580;Gazella subgutturosa
226;596;Gerbillus nancillus
227;598;Gerbillus amoenus
228;602;Hyaena hyaena
229;606;Parahyaena brunnea
230;609;Gerbillus nanus
231;611;Giraffa camelopardalis
232;613;Gerbillus pusillus
233;614;Gerbillus pyramidum
234;615;Pteropus hypomelanus
235;618;Gerbillus tarabuli
236;620;Gulo gulo
237;621;Glironia venusta
238;623;Glossophaga soricina
239;625;Glischropus tylopus
240;627;Glossophaga commissarisi
241;628;Glossophaga leachii
242;631;Gorilla gorilla
243;633;Gracilinanus microtarsus
244;636;Hyladelphys kalinowskii
245;637;Gracilinanus agilis
246;644;Graomys griseoflavus
247;654;Hydrochoerus hydrochaeris
248;664;Hapalomys delacouri
249;667;Harpiocephalus harpia
250;676;Heimyscus fumosus
251;680;Herpailurus yagouaroundi
252;681;Hesperoptenus blanfordi
253;684;Hesperoptenus tickelli
254;686;Heterohyrax brucei
255;689;Hippocamelus antisensis
256;690;Hipposideros bicolor
257;691;Hippopotamus amphibius
258;693;Hipposideros abae
259;694;Hipposideros armiger
260;696;Hipposideros cervinus
261;697;Hipposideros beatus
262;699;Hipposideros caffer
263;702;Loxodonta africana
264;704;Hipposideros cineraceus
265;705;Hylopetes phayrei
266;706;Hipposideros commersoni
267;712;Hipposideros cyclops
268;714;Rattus tiomanicus
269;716;Ratufa affinis
270;717;Tadarida teniotis
271;719;Hipposideros dyacorum
272;721;Hipposideros fuliginosus
273;722;Hipposideros fulvus
274;723;Hipposideros galeritus
275;726;Hipposideros larvatus
276;727;Hipposideros doriae
277;730;Hipposideros jonesi
278;733;Hipposideros lankadiva
279;736;Hipposideros lylei
280;739;Micronycteris schmidtorum
281;741;Glyphonycteris sylvestris
282;744;Hipposideros ruber
283;747;Hipposideros megalotis
284;749;Hipposideros pomona
285;750;Kerivoula picta
286;751;Hipposideros pratti
287;755;Hipposideros speoris
288;756;Hipposideros stenotis
289;758;Macroglossus minimus
290;761;Hippotragus equinus
291;762;Hippotragus niger
292;767;Hydrurga leptonyx
293;768;Hyemoschus aquaticus
294;769;Hylobates agilis
295;771;Hylobates lar
296;774;Hylobates muelleri
297;775;Hylomyscus aeta
298;780;Hylopetes alboniger
299;781;Hylomyscus denniae
300;782;Hylomyscus stella
301;786;Hystrix cristata
302;793;Hystrix crassispinis
303;795;Hystrix sumatrae
304;796;Ia io
305;798;Idionycteris phyllotis
306;799;Idiurus macrotis
307;802;Inia geoffrensis
308;809;Kannabateomys amblyonyx
309;811;Macroglossus sobrinus
310;812;Kerivoula argentata
311;815;Kerivoula hardwickii
312;817;Kerivoula cuprosa
313;820;Kerivoula papillosa
314;821;Kobus kob
315;823;Macrotis lagotis
316;824;Kerivoula lanosa
317;827;Phoniscus papuensis
318;829;Kerivoula pellucida
319;830;Kerivoula phalaena
320;832;Kerivoula smithii
321;834;Lama guanicoe
322;835;Kerodon rupestris
323;839;Kobus ellipsiprymnus
324;843;Kunsia tomentosus
325;846;Laephotis wintoni
326;855;Lagidium viscacia
327;857;Lagorchestes conspicillatus
328;861;Lagostomus maximus
329;864;Lasiurus ega
330;866;Lasiurus seminolus
331;868;Lariscus insignis
332;869;Lasionycteris noctivagans
333;872;Lasiurus cinereus
334;874;Lasiurus borealis
335;875;Lavia frons
336;876;Leggadina lakedownensis
337;878;Lemmus lemmus
338;887;Leopardus pardalis
339;888;Leopardus wiedii
340;891;Leopoldamys sabanus
341;901;Lepus timidus
342;904;Leptonychotes weddellii
343;905;Leptonycteris nivalis
344;907;Lestodelphys halli
345;908;Lepus callotis
346;913;Lichonycteris obscura
347;917;Sundasciurus hippurus
348;919;Heteromys irroratus
349;920;Heteromys pictus
350;923;Lionycteris spurrelli
351;928;Litocranius walleri
352;930;Lonchophylla robusta
353;931;Lonchophylla thomasi
354;932;Lonchorhina aurita
355;935;Austronomus australis
356;936;Lobodon carcinophaga
357;938;Tadarida brasiliensis
358;942;Lontra canadensis
359;945;Lontra longicaudis
360;947;Lophiomys imhausi
361;948;Lophocebus albigena
362;949;Lophocebus aterrimus
363;951;Herpestes ochraceus
364;956;Herpestes sanguineus
365;961;Hydrictis maculicollis
366;962;Lutra sumatrana
367;963;Lynx canadensis
368;964;Lutra lutra
369;965;Lutrogale perspicillata
370;966;Lycaon pictus
371;967;Lynx lynx
372;968;Macaca fascicularis
373;970;Lynx rufus
374;971;Macaca arctoides
375;972;Macaca assamensis
376;977;Macaca mulatta
377;978;Macaca nemestrina
378;984;Macaca radiata
379;988;Macaca thibetana
380;992;Macroderma gigas
381;1000;Manis crassicaudata
382;1002;Macrotus californicus
383;1003;Macrotus waterhousii
384;1004;Macrophyllum macrophyllum
385;1014;Madoqua saltiana
386;1015;Madoqua guentheri
387;1016;Madoqua kirkii
388;1021;Smutsia gigantea
389;1022;Manis javanica
390;1023;Manis pentadactyla
391;1024;Smutsia temminckii
392;1025;Phataginus tetradactyla
393;1026;Phataginus tricuspis
394;1029;Marmosa lepida
395;1031;Marmosops incanus
396;1036;Marmosops parvidens
397;1037;Marmota caudata
398;1041;Marmota sibirica
399;1044;Martes martes
400;1045;Maxomys whiteheadi
401;1047;Massoutiera mzabi
402;1050;Maxomys rajah
403;1051;Mastomys coucha
404;1059;Maxomys surifer
405;1063;Megaderma lyra
406;1064;Megaderma spasma
407;1067;Megaerops niphanae
408;1071;Megaerops ecaudatus
409;1072;Megaptera novaeangliae
410;1093;Marmosa constantiae
411;1095;Melursus ursinus
412;1096;Microcavia australis
413;1098;Meriones crassus
414;1099;Meriones persicus
415;1105;Mesocricetus brandti
416;1108;Makalata didelphoides
417;1109;Mesomys hispidus
418;1111;Mesomys stimulax
419;1112;Mesophylla macconnelli
420;1123;Micropteropus pusillus
421;1127;Glyphonycteris behnii
422;1128;Lampronycteris brachyotis
423;1130;Glyphonycteris daviesi
424;1131;Micronycteris hirsuta
425;1132;Micronycteris megalotis
426;1133;Mops brachypterus
427;1134;Micronycteris minuta
428;1135;Trinycteris nicefori
429;1143;Microtus californicus
430;1144;Neodon juldaschi
431;1146;Microsciurus flaviventer
432;1148;Microtus ilaeus
433;1154;Microtus hyperboreus
434;1156;Neodon irene
435;1158;Phaiomys leucurus
436;1160;Miniopterus australis
437;1168;Microtus arvalis
438;1172;Microtus duodecimcostatus
439;1176;Mimetillus moloneyi
440;1177;Mimon bennettii
441;1178;Mimon crenulatum
442;1179;Miniopterus schreibersii
443;1180;Oligoryzomys nigripes
444;1181;Miniopterus fraterculus
445;1184;Miniopterus inflatus
446;1186;Miniopterus tristis
447;1188;Miniopterus medius
448;1189;Miniopterus pusillus
449;1192;Molossus coibensis
450;1193;Molossus molossus
451;1195;Phalanger gymnotis
452;1196;Miopithecus talapoin
453;1199;Mirounga leonina
454;1201;Cynomops abrasus
455;1202;Pipistrellus abramus
456;1204;Cynomops greenhalli
457;1205;Molossops mattogrossensis
458;1206;Molossops neglectus
459;1207;Cynomops planirostris
460;1208;Molossops temminckii
461;1209;Molossus rufus
462;1212;Molossus pretiosus
463;1213;Molossus sinaloae
464;1216;Monodelphis dimidiata
465;1217;Monodelphis emiliae
466;1218;Monodelphis iheringi
467;1219;Monodelphis kunsi
468;1222;Mops condylurus
469;1223;Mops congicus
470;1224;Mops thersites
471;1226;Mops demonstrator
472;1227;Mops midas
473;1228;Mops mops
474;1229;Mops nanulus
475;1231;Mops niveiventer
476;1232;Mormoops megalophylla
477;1233;Mormopterus beccarii
478;1236;Mops trevori
479;1241;Mosia nigrescens
480;1243;Moschus berezovskii
481;1249;Mormopterus planiceps
482;1250;Moschus chrysogaster
483;1256;Macaca leonina
484;1259;Mustela strigidorsa
485;1260;Mungos gambianus
486;1267;Murina suilla
487;1268;Murexia longicaudata
488;1271;Murina cyclotis
489;1275;Murina huttoni
490;1276;Murina leucogaster
491;1277;Myoprocta acouchy
492;1281;Murina tubinaris
493;1284;Myopterus daubentonii
494;1287;Mus haussa
495;1288;Myopterus whitleyi
496;1293;Mus platythrix
497;1294;Mus setulosus
498;1297;Micaelamys namaquensis
499;1299;Allactaga bullata
500;1300;Allactaga hotsoni
501;1301;Allactaga major
502;1302;Allactaga severtzovi
503;1303;Allactaga sibirica
504;1304;Apodemus agrarius
505;1306;Apodemus mystacinus
506;1307;Apodemus peninsulae
507;1308;Apodemus ponticus
508;1309;Apodemus sylvaticus
509;1310;Apodemus uralensis
510;1311;Apodemus pallipes
511;1327;Funisciurus lemniscatus
512;1328;Funisciurus pyrropus
513;1331;Gerbillurus paeba
514;1333;Gerbillus aquilus
515;1334;Gerbillus cheesmani
516;1336;Gerbillus dasyurus
517;1338;Gerbillus gerbillus
518;1340;Lemniscomys zebra
519;1342;Crocidura shantungensis
520;1346;Eligmodontia typus
521;1347;Petaurista xanthotis
522;1348;Petinomys genibarbis
523;1349;Petromyscus collinus
524;1352;Pseudomys delicatulus
525;1353;Pseudomys hermannsburgensis
526;1354;Pseudomys johnsoni
527;1355;Pseudomys nanus
528;1356;Pseudomys patrius
529;1358;Tragelaphus eurycerus
530;1359;Tragelaphus spekii
531;1360;Tragelaphus scriptus
532;1362;Tragelaphus imberbis
533;1363;Tragelaphus oryx
534;1364;Tscherskia triton
535;1365;Juliomys pictipes
536;1366;Xerus erythropus
537;1368;Hylaeamys megacephalus
538;1369;Euryoryzomys russatus
539;1372;Erinaceus europaeus
540;1373;Crocidura leucodon
541;1374;Crocidura russula
542;1375;Crocidura voi
543;1376;Crocidura whitakeri
544;1377;Sorex daphaenodon
545;1378;Sorex dispar
546;1379;Chodsigoa hypsibia
547;1380;Marmota flaviventris
548;1381;Marmota monax
549;1383;Neotamias dorsalis
550;1384;Neotamias minimus
551;1385;Sorex gracillimus
552;1386;Sorex haydeni
553;1387;Sorex hoyi
554;1388;Sorex longirostris
555;1389;Sorex merriami
556;1390;Sorex monticolus
557;1391;Sorex nanus
558;1393;Sorex palustris
559;1394;Chodsigoa parca
560;1397;Parascalops breweri
561;1398;Scalopus aquaticus
562;1399;Scapanulus oweni
563;1400;Scapanus latimanus
564;1401;Scapanus orarius
565;1402;Scaptochirus moschatus
566;1403;Tupaia gracilis
567;1404;Neotamias quadrivittatus
568;1407;Ursus arctos
569;1411;Rhipidomys macrurus
570;1412;Sigmodon hirsutus
571;1414;Hylaeamys perenensis
572;1418;Necromys benefactus
573;1420;Calomys expulsus
574;1424;Cynomys ludovicianus
575;1425;Dasymys incomtus
576;1427;Dasymys rufulus
577;1430;Lemmus trimucronatus
578;1432;Nannospalax ehrenbergi
579;1433;Nannospalax leucodon
580;1440;Neotoma lepida
581;1441;Neotoma mexicana
582;1442;Neotoma micropus
583;1443;Nesokia indica
584;1444;Niviventer confucianus
585;1445;Niviventer fulvescens
586;1447;Niviventer langbianis
587;1448;Oecomys roberti
588;1449;Oecomys rutilus
589;1450;Oecomys speciosus
590;1451;Oecomys superans
591;1452;Oenomys hypoxanthus
592;1454;Eutamias sibiricus
593;1455;Gerbilliscus leucogaster
594;1457;Gerbilliscus robustus
595;1458;Holochilus chacarius
596;1463;Hybomys trivirgatus
597;1464;Hybomys univittatus
598;1465;Hydromys chrysogaster
599;1468;Arvicanthis niloticus
600;1472;Akodon albiventer
601;1473;Akodon azarae
602;1474;Akodon cursor
603;1477;Akodon iniscatus
604;1479;Abrothrix longipilis
605;1481;Akodon molinae
606;1483;Aethomys nyikae
607;1484;Acomys wilsoni
608;1486;Acomys cahirinus
609;1487;Acomys cineraceus
610;1488;Acomys kempi
611;1489;Acomys louisae
612;1491;Aeromys thomasi
613;1493;Aethomys chrysophilus
614;1494;Aethomys hindei
615;1495;Aethomys kaiseri
616;1498;Allocricetulus eversmanni
617;1499;Alticola argentatus
618;1500;Alticola lemminus
619;1501;Alticola macrotis
620;1502;Oligoryzomys chacoensis
621;1505;Alticola semicanus
622;1507;Alticola stoliczkanus
623;1510;Anomalurus derbianus
624;1512;Antidorcas marsupialis
625;1513;Antilocapra americana
626;1514;Hylaeamys yunganus
627;1515;Alticola strelzowi
628;1516;Ametrida centurio
629;1519;Apodemus chevrieri
630;1520;Apodemus draco
631;1521;Apodemus flavicollis
632;1524;Apodemus latronum
633;1525;Arvicanthis neumanni
634;1526;Arvicola amphibius
635;1527;Atelerix frontalis
636;1529;Atherurus africanus
637;1532;Loxodontomys micropus
638;1535;Berylmys berdmorei
639;1536;Auliscomys sublimis
640;1537;Baiomys musculus
641;1538;Baiomys taylori
642;1539;Bandicota bengalensis
643;1540;Bandicota indica
644;1541;Berylmys bowersi
645;1543;Ellobius talpinus
646;1544;Ellobius tancrei
647;1545;Eolagurus luteus
648;1546;Bandicota savilei
649;1547;Bibimys labiosus
650;1549;Boselaphus tragocamelus
651;1550;Brachiones przewalskii
652;1552;Blarinomys breviceps
653;1555;Necromys lasiurus
654;1557;Callosciurus notatus
655;1559;Calomys tener
656;1562;Calomys callosus
657;1564;Calomys laucha
658;1565;Calomys lepidus
659;1566;Calomys musculinus
660;1567;Calomyscus baluchi
661;1569;Cannomys badius
662;1572;Chaetodipus hispidus
663;1573;Castor fiber
664;1575;Chaetodipus intermedius
665;1576;Chaetodipus nelsoni
666;1577;Chaetodipus penicillatus
667;1579;Abrothrix andinus
668;1580;Chelemys macronyx
669;1581;Chiromyscus chiropus
670;1583;Chiropodomys gliroides
671;1587;Chiropodomys pusillus
672;1588;Myodes rutilus
673;1589;Colomys goslingi
674;1593;Madromys blanfordi
675;1594;Cremnomys cutchicus
676;1595;Cricetomys emini
677;1596;Cricetomys gambianus
678;1598;Cricetulus barabensis
679;1599;Cricetulus longicaudatus
680;1600;Cricetulus sokolovi
681;1601;Cricetulus migratorius
682;1603;Cricetus cricetus
683;1604;Crocidura crenata
684;1612;Crocidura ludia
685;1622;Crocidura foxi
686;1631;Cryptomys hottentotus
687;1634;Euchoreutes naso
688;1635;Euneomys petersoni
689;1639;Deomys ferrugineus
690;1640;Exilisciurus exilis
691;1641;Funambulus palmarum
692;1642;Funambulus pennantii
693;1645;Dendromus mystacalis
694;1646;Dendromus nyikae
695;1648;Desmodilliscus braueri
696;1649;Desmodillus auricularis
697;1651;Dicrostonyx torquatus
698;1653;Panthera leo
699;1656;Eligmodontia puerulus
700;1657;Dipodomys ordii
701;1658;Dipus sagitta
702;1659;Dremomys lokriah
703;1660;Dremomys pernyi
704;1662;Dryomys nitedula
705;1663;Eligmodontia morgani
706;1665;Eolagurus przewalskii
707;1667;Caryomys inez
708;1668;Eothenomys melanogaster
709;1671;Eptesicus diminutus
710;1673;Funisciurus anerythrus
711;1675;Funisciurus congicus
712;1677;Funisciurus isabella
713;1679;Gerbillus henleyi
714;1683;Grammomys kuru
715;1685;Graphiurus christyi
716;1686;Graphiurus crassicaudatus
717;1689;Glaucomys volans
718;1690;Golunda ellioti
719;1692;Grammomys cometes
720;1693;Grammomys dolichurus
721;1695;Graphiurus kelleni
722;1696;Graphiurus lorraineus
723;1698;Graphiurus murinus
724;1699;Graphiurus ocularis
725;1700;Hylomyscus parvus
726;1703;Heliosciurus rufobrachium
727;1705;Heterocephalus glaber
728;1707;Holochilus brasiliensis
729;1709;Heliophobius argenteocinereus
730;1710;Heliosciurus gambianus
731;1711;Heliosciurus mutabilis
732;1714;Holochilus sciureus
733;1716;Hylomyscus alleni
734;1719;Hylopetes spadiceus
735;1721;Lagurus lagurus
736;1724;Hypsignathus monstrosus
737;1725;Hystrix africaeaustralis
738;1726;Hystrix brachyura
739;1727;Hystrix indica
740;1728;Iomys horsfieldii
741;1732;Jaculus blanfordi
742;1733;Jaculus jaculus
743;1734;Jaculus orientalis
744;1737;Lasiopodomys brandtii
745;1738;Lasiopodomys mandarinus
746;1739;Lasiurus intermedius
747;1740;Leggadina forresti
748;1743;Lemmus amurensis
749;1744;Lemmus sibiricus
750;1746;Lemniscomys griselda
751;1749;Lemniscomys macculus
752;1750;Lemniscomys rosalia
753;1752;Lemniscomys striatus
754;1755;Leopoldamys edwardsi
755;1757;Lepus yarkandensis
756;1759;Lophuromys nudicaudus
757;1760;Lophuromys sikapusi
758;1763;Malacomys edwardsi
759;1764;Malacomys longipes
760;1765;Malacothrix typica
761;1768;Sciurus vulgaris
762;1769;Marmota himalayana
763;1774;Microtus levis
764;1775;Microtus socialis
765;1776;Microtus guentheri
766;1777;Marmota baibacina
767;1778;Marmota bobak
768;1779;Marmota camtschatica
769;1780;Mastomys erythroleucus
770;1781;Mastomys natalensis
771;1782;Melanomys caliginosus
772;1784;Microtus subterraneus
773;1788;Melomys burtoni
774;1790;Paramelomys platyops
775;1792;Melomys rufescens
776;1793;Menetes berdmorei
777;1795;Meriones unguiculatus
778;1798;Meriones hurrianae
779;1799;Meriones libycus
780;1800;Meriones meridianus
781;1802;Meriones tamariscinus
782;1805;Meriones tristrami
783;1807;Micromys minutus
784;1809;Microryzomys minutus
785;1810;Microtus agrestis
786;1813;Microtus fortis
787;1814;Microtus gregalis
788;1817;Microtus limnophilus
789;1818;Microtus maximowiczii
790;1820;Microtus oeconomus
791;1821;Microtus pennsylvanicus
792;1825;Microtus mexicanus
793;1826;Microtus middendorffii
794;1827;Microtus mongolicus
795;1829;Millardia meltada
796;1832;Mus booduga
797;1834;Mus caroli
798;1835;Mus indutus
799;1836;Mus cookii
800;1839;Mus macedonicus
801;1840;Sicista betulina
802;1841;Mus mahomet
803;1842;Mus minutoides
804;1843;Mus musculus
805;1847;Mus spretus
806;1848;Mus spicilegus
807;1849;Mus pahari
808;1850;Mus phillipsi
809;1851;Mus saxicola
810;1852;Myocastor coypus
811;1853;Myopus schisticolor
812;1854;Mus tenellus
813;1855;Mus terricolor
814;1856;Mus triton
815;1858;Muscardinus avellanarius
816;1861;Myospalax aspalax
817;1862;Eospalax fontanierii
818;1863;Myospalax psilurus
819;1866;Myotis elegans
820;1867;Myotis levis
821;1868;Nannosciurus melanotis
822;1869;Neacomys spinosus
823;1871;Nectomys rattus
824;1872;Nectomys squamipes
825;1874;Neotoma albigula
826;1876;Notomys mitchellii
827;1877;Nyctomys sumichrasti
828;1879;Oecomys bicolor
829;1882;Oligoryzomys destructor
830;1883;Oligoryzomys eliurus
831;1884;Oligoryzomys flavescens
832;1885;Oligoryzomys fulvescens
833;1886;Oligoryzomys longicaudatus
834;1887;Oligoryzomys microtis
835;1888;Onychomys arenicola
836;1889;Onychomys leucogaster
837;1890;Onychomys torridus
838;1891;Orthogeomys hispidus
839;1892;Oxymycterus roberti
840;1895;Nephelomys albigularis
841;1896;Handleyomys alfaroi
842;1897;Oryzomys couesi
843;1898;Euryoryzomys macconnelli
844;1899;Euryoryzomys nitidus
845;1900;Handleyomys rostratus
846;1901;Cerradomys subflavus
847;1902;Otomys angoniensis
848;1903;Otomys unisulcatus
849;1905;Ototylomys phyllotis
850;1906;Oxymycterus angularis
851;1908;Oxymycterus hispidus
852;1910;Oxymycterus nasutus
853;1911;Sicista concolor
854;1912;Dipodomys merriami
855;1914;Peromyscus difficilis
856;1915;Peromyscus eremicus
857;1917;Peromyscus gratus
858;1918;Peromyscus leucopus
859;1920;Cratogeomys castanops
860;1922;Sicista severtzovi
861;1923;Paradipus ctenodactylus
862;1925;Paraxerus palliatus
863;1929;Paraxerus poensis
864;1931;Peromyscus pectoralis
865;1932;Paraxerus boehmi
866;1933;Paraxerus cepapi
867;1934;Paraxerus flavovittis
868;1936;Paraxerus ochraceus
869;1937;Parotomys brantsii
870;1938;Parotomys littledalei
871;1941;Pectinator spekei
872;1942;Pedetes capensis
873;1943;Pelomys campanae
874;1944;Pelomys fallax
875;1945;Perognathus flavescens
876;1946;Peromyscus boylii
877;1948;Peromyscus truei
878;1950;Perognathus flavus
879;1951;Perognathus longimembris
880;1952;Perognathus merriami
881;1953;Peromyscus crinitus
882;1956;Petaurista alborufus
883;1958;Petaurista petaurista
884;1959;Peromyscus melanophrys
885;1960;Peromyscus melanotis
886;1962;Peromyscus nasutus
887;1964;Phodopus campbelli
888;1965;Phodopus roborovskii
889;1966;Phodopus sungorus
890;1978;Procapra picticaudata
891;1981;Praomys jacksoni
892;1983;Procapra gutturosa
893;1984;Protoxerus stangeri
894;1985;Psammomys obesus
895;1988;Pseudomys desertor
896;1989;Pseudoryzomys simplex
897;1990;Pteromys volans
898;1991;Pteronotus personatus
899;1994;Pygeretmus platyurus
900;1995;Pygeretmus pumilio
901;1997;Rattus argentiventer
902;2001;Rattus exulans
903;2004;Rattus fuscipes
904;2006;Rattus losea
905;2007;Rattus rattus
906;2010;Rattus nitidus
907;2011;Rattus andamanensis
908;2012;Neomys anomalus
909;2013;Neomys fodiens
910;2017;Reithrodontomys fulvescens
911;2019;Reithrodontomys megalotis
912;2020;Sorex araneus
913;2021;Sorex coronatus
914;2022;Sorex isodon
915;2023;Sorex minutissimus
916;2024;Sorex minutus
917;2028;Rattus tanezumi
918;2029;Rattus tunneyi
919;2031;Saccostomus campestris
920;2032;Rattus pyctoris
921;2033;Rattus villosissimus
922;2035;Reithrodon auritus
923;2036;Reithrodontomys mexicanus
924;2037;Reithrodontomys montanus
925;2038;Cebus albifrons
926;2042;Sciurus niger
927;2044;Rhipidomys leucodactylus
928;2045;Rhipidomys mastacalis
929;2047;Rhizomys pruinosus
930;2048;Rhizomys sinensis
931;2049;Rhizomys sumatrensis
932;2050;Rhombomys opimus
933;2051;Saccostomus mearnsi
934;2053;Salpingotus kozlovi
935;2055;Sciurotamias davidianus
936;2056;Sciurus anomalus
937;2057;Sciurus deppei
938;2058;Sciurus granatensis
939;2059;Sciurus griseus
940;2060;Sciurus spadiceus
941;2062;Sciurus igniventris
942;2065;Sicista strandi
943;2066;Sigmodon alstoni
944;2067;Sigmodon hispidus
945;2069;Sigmodon ochrognathus
946;2070;Sigmodontomys alfari
947;2073;Spalax microphthalmus
948;2074;Spermophilopsis leptodactylus
949;2075;Spermophilus alashanicus
950;2076;Spermophilus dauricus
951;2079;Spermophilus erythrogenys
952;2081;Steatomys krebsii
953;2082;Steatomys pratensis
954;2093;Gerbilliscus boehmi
955;2094;Gerbilliscus brantsii
956;2095;Taterillus arenarius
957;2096;Taterillus emini
958;2099;Taterillus gracilis
959;2101;Thallomys nigricauda
960;2102;Thallomys paedulcus
961;2103;Thomomys bottae
962;2104;Thomomys umbrinus
963;2106;Thryonomys swinderianus
964;2107;Lophostoma brasiliense
965;2110;Crocidura luna
966;2111;Crocidura lusitania
967;2114;Xerus inauris
968;2116;Xerus rutilus
969;2119;Zelotomys woosnami
970;2120;Zelotomys hildegardeae
971;2121;Crocidura nanilla
972;2122;Crocidura silacea
973;2123;Glis glis
974;2124;Erinaceus amurensis
975;2125;Erinaceus concolor
976;2126;Hemiechinus auritus
977;2127;Crocidura crossei
978;2128;Crocidura cyanea
979;2131;Perameles nasuta
980;2132;Atelerix albiventris
981;2133;Paraechinus hypomelas
982;2134;Hylomys suillus
983;2135;Mesechinus dauuricus
984;2136;Chimarrogale himalayica
985;2137;Chimarrogale styani
986;2139;Crocidura dolichura
987;2140;Crocidura fuliginosa
988;2141;Crocidura fulvastra
989;2142;Crocidura fuscomurina
990;2144;Crocidura cinderella
991;2146;Crocidura poensis
992;2147;Crocidura goliath
993;2148;Crocidura hildegardeae
994;2149;Crocidura hirta
995;2150;Crocidura jacksoni
996;2151;Crocidura lasiura
997;2152;Crocidura littoralis
998;2153;Crocidura roosevelti
999;2154;Crocidura macarthuri
1000;2155;Crocidura mariquensis
1001;2156;Crocidura sibirica
1002;2157;Crocidura maurisca
1003;2159;Crocidura muricauda
1004;2161;Crocidura nigrofusca
1005;2162;Crocidura parvipes
1006;2163;Crocidura olivieri
1007;2165;Crocidura yankariensis
1008;2168;Crocidura zarudnyi
1009;2169;Cryptotis parva
1010;2172;Myosorex varius
1011;2173;Sorex preblei
1012;2174;Sorex roboratus
1013;2175;Sorex trowbridgii
1014;2176;Sorex ugyunak
1015;2177;Sorex unguiculatus
1016;2178;Sorex vagrans
1017;2179;Paracrocidura schoutedeni
1018;2180;Sorex arcticus
1019;2182;Sorex cinereus
1020;2184;Episoriculus macrurus
1021;2185;Peromyscus attwateri
1022;2186;Peromyscus gossypinus
1023;2187;Anourosorex squamipes
1024;2188;Blarina brevicauda
1025;2189;Blarina carolinensis
1026;2190;Blarina hylophaga
1027;2191;Notiosorex crawfordi
1028;2192;Crocidura obscurior
1029;2193;Condylura cristata
1030;2194;Peromyscus polionotus
1031;2195;Meriones shawi
1032;2197;Mylomys dybowskii
1033;2198;Neotoma cinerea
1034;2199;Euroscaptor klossi
1035;2202;Ammospermophilus leucurus
1036;2203;Cynomys gunnisoni
1037;2204;Ochrotomys nuttalli
1038;2205;Oryzomys palustris
1039;2206;Neotamias amoenus
1040;2207;Spermophilus brevicauda
1041;2210;Tamias striatus
1042;2213;Neotamias umbrinus
1043;2214;Tamiasciurus douglasii
1044;2215;Tamiasciurus hudsonicus
1045;2216;Geomys bursarius
1046;2219;Thomomys talpoides
1047;2223;Perognathus fasciatus
1048;2224;Perognathus parvus
1049;2225;Napaeozapus insignis
1050;2226;Zapus hudsonius
1051;2227;Zapus princeps
1052;2229;Myodes gapperi
1053;2230;Dicrostonyx groenlandicus
1054;2231;Dicrostonyx hudsonius
1055;2232;Dicrostonyx richardsoni
1056;2233;Lemmiscus curtatus
1057;2234;Microtus chrotorrhinus
1058;2235;Microtus longicaudus
1059;2236;Microtus miurus
1060;2237;Microtus ochrogaster
1061;2239;Microtus pinetorum
1062;2240;Reithrodontomys humulis
1063;2242;Microtus richardsoni
1064;2243;Phenacomys intermedius
1065;2244;Phenacomys ungava
1066;2245;Synaptomys cooperi
1067;2247;Allocricetulus curtatus
1068;2249;Apodemus argenteus
1069;2250;Pseudomys bolami
1070;2252;Acomys johannis
1071;2255;Neotoma floridana
1072;2257;Pithecia pithecia
1073;2259;Graphiurus nagtglasii
1074;2262;Praomys daltoni
1075;2268;Erinaceus roumanicus
1076;2269;Oecomys catherinae
1077;2270;Myomyscus brockmani
1078;2271;Sooretamys angouya
1079;2273;Apodemus witherbyi
1080;2274;Akodon montensis
1081;2276;Eothenomys miletus
1082;2279;Allactaga williamsi
1083;2285;Meriones grandis
1084;2290;Acomys dimidiatus
1085;2292;Necromys lenguarum
1086;2299;Chaetodipus eremicus
1087;2300;Oxymycterus quaestor
1088;2302;Pedetes surdaster
1089;2305;Oecomys auyantepui
1090;2306;Oligoryzomys fornesi
1091;2307;Nectomys apicalis
1092;2309;Arvicola scherman
1093;2310;Neotoma leucodon
1094;2313;Oecomys concolor
1095;2314;Rhipidomys nitela
1096;2315;Allactaga elater
1097;2316;Heteromys desmarestianus
1098;2317;Praomys tullbergi
1099;2320;Aotus nancymaae
1100;2321;Lycalopex griseus
1101;2322;Diplomesodon pulchellum
1102;2323;Alouatta juara
1103;2325;Crocidura pasha
1104;2326;Ursus thibetanus
1105;2327;Ursus americanus
1106;2330;Chionomys nivalis
1107;2331;Crocidura viaria
1108;2332;Phacochoerus africanus
1109;2333;Sorex satunini
1110;2334;Myodes glareolus
1111;2337;Sorex tundrensis
1112;2340;Alouatta puruensis
1113;2342;Myotis bechsteinii
1114;2347;Mustela africana
1115;2356;Myospalax myospalax
1116;2357;Myotis blythii
1117;2358;Myotis brandtii
1118;2359;Myotis capaccinii
1119;2360;Myotis dasycneme
1120;2361;Pteropus giganteus
1121;2362;Myotis daubentonii
1122;2363;Myotis emarginatus
1123;2364;Myotis grisescens
1124;2365;Myotis myotis
1125;2366;Myotis mystacinus
1126;2367;Myotis nattereri
1127;2368;Myotis sodalis
1128;2369;Myotis albescens
1129;2370;Myotis altarium
1130;2376;Myotis auriculus
1131;2377;Myotis austroriparius
1132;2378;Myotis bocagii
1133;2379;Myotis bombinus
1134;2380;Myotis chinensis
1135;2382;Myotis ciliolabrum
1136;2384;Myotis californicus
1137;2385;Myotis chiloensis
1138;2387;Myotis evotis
1139;2388;Myotis formosus
1140;2389;Myotis fortidens
1141;2390;Myotis frater
1142;2393;Myotis goudoti
1143;2394;Myotis hasseltii
1144;2396;Myotis horsfieldii
1145;2398;Myotis macrodactylus
1146;2399;Myotis ikonnikovi
1147;2401;Myotis keaysi
1148;2403;Myotis leibii
1149;2405;Myotis lucifugus
1150;2407;Myotis muricola
1151;2409;Myotis montivagus
1152;2411;Myotis nigricans
1153;2413;Myotis oxyotus
1154;2415;Myotis pequinius
1155;2418;Myotis pilosus
1156;2420;Myotis riparius
1157;2421;Myotis rosseti
1158;2422;Myotis ruber
1159;2423;Myotis simus
1160;2426;Myotis velifer
1161;2429;Myotis septentrionalis
1162;2431;Myotis siligorensis
1163;2432;Myotis thysanodes
1164;2433;Myotis tricolor
1165;2434;Myotis volans
1166;2435;Myotis welwitschii
1167;2436;Myotis yumanensis
1168;2438;Myrmecophaga tridactyla
1169;2444;Mystromys albicaudatus
1170;2448;Naemorhedus griseus
1171;2449;Nannospalax xanthodon
1172;2450;Nanonycteris veldkampii
1173;2451;Nasalis larvatus
1174;2455;Neofelis nebulosa
1175;2463;Natalus tumidirostris
1176;2466;Neotoma magister
1177;2477;Neotomys ebriosus
1178;2478;Neotragus pygmaeus
1179;2479;Neotragus batesi
1180;2480;Nesotragus moschatus
1181;2489;Niviventer cremoriventer
1182;2501;Noctilio albiventris
1183;2502;Noctilio leporinus
1184;2503;Notoryctes typhlops
1185;2506;Notomys alexis
1186;2507;Notoryctes caurinus
1187;2508;Nycteris tragata
1188;2509;Nyctalus leisleri
1189;2510;Nycteris woodi
1190;2511;Nycticebus pygmaeus
1191;2513;Nyctereutes procyonoides
1192;2514;Nycteris arge
1193;2515;Nyctalus lasiopterus
1194;2516;Nyctalus noctula
1195;2517;Nycteris aurita
1196;2518;Nycteris gambiensis
1197;2519;Nyctalus aviator
1198;2521;Nycteris grandis
1199;2523;Nycteris hispida
1200;2524;Nycteris intermedia
1201;2525;Nycteris macrotis
1202;2526;Nycteris major
1203;2527;Nycteris nana
1204;2528;Nycteris thebaica
1205;2529;Scotorepens balstoni
1206;2530;Scotorepens sanborni
1207;2532;Nyctimene aello
1208;2533;Proechimys quadruplicatus
1209;2537;Nyctimene albiventer
1210;2543;Trinomys setosus
1211;2548;Nyctimene robinsoni
1212;2550;Nyctinomops laticaudatus
1213;2551;Nyctinomops macrotis
1214;2552;Nyctophilus bifax
1215;2554;Nyctinomops aurispinosus
1216;2555;Nyctinomops femorosaccus
1217;2556;Nyctophilus arnhemensis
1218;2557;Nyctophilus geoffroyi
1219;2558;Ochotona nubrica
1220;2559;Nyctophilus gouldi
1221;2560;Ochotona pusilla
1222;2561;Ochotona thomasi
1223;2566;Nyctophilus walkeri
1224;2573;Octodontomys gliroides
1225;2578;Oecomys mamorae
1226;2579;Oecomys trinitatis
1227;2587;Oligoryzomys delticola
1228;2588;Ommatophoca rossii
1229;2589;Leopardus colocolo
1230;2590;Leopardus geoffroyi
1231;2591;Leopardus guigna
1232;2592;Ondatra zibethicus
1233;2593;Pteropus vampyrus
1234;2595;Orcinus orca
1235;2596;Leopardus jacobita
1236;2598;Ozotoceros bezoarticus
1237;2600;Oreotragus oreotragus
1238;2604;Oryx beisa
1239;2606;Pachyuromys duprasi
1240;2608;Oryx gazella
1241;2624;Capra sibirica
1242;2629;Transandinomys talamancae
1243;2633;Otomys irroratus
1244;2634;Rhinolophus borneensis
1245;2635;Otocolobus manul
1246;2636;Otocyon megalotis
1247;2637;Otolemur crassicaudatus
1248;2638;Otolemur garnettii
1249;2641;Ovis ammon
1250;2643;Otomops martiensseni
1251;2644;Petaurus breviceps
1252;2651;Ovis orientalis
1253;2653;Otomys typus
1254;2654;Otonycteris hemprichii
1255;2656;Ourebia ourebi
1256;2662;Ovis nivicola
1257;2663;Oxymycterus inca
1258;2667;Pan paniscus
1259;2668;Pan troglodytes
1260;2670;Peromyscus maniculatus
1261;2671;Papio papio
1262;2672;Papio hamadryas
1263;2673;Papio ursinus
1264;2675;Pantholops hodgsonii
1265;2685;Pardofelis marmorata
1266;2688;Peropteryx kappleri
1267;2689;Peropteryx leucoptera
1268;2690;Peropteryx macrotis
1269;2691;Marmota broweri
1270;2692;Marmota caligata
1271;2693;Pelea capreolus
1272;2696;Penthetor lucasi
1273;2708;Petaurista elegans
1274;2730;Petaurus norfolcensis
1275;2735;Petinomys setosus
1276;2741;Petromus typicus
1277;2759;Phascolarctos cinereus
1278;2764;Philetor brachypterus
1279;2772;Phyllotis xanthopygus
1280;2773;Phylloderma stenops
1281;2774;Pipistrellus kuhlii
1282;2776;Phyllostomus discolor
1283;2777;Phyllostomus elongatus
1284;2778;Phyllostomus hastatus
1285;2779;Phyllostomus latifolius
1286;2785;Pipistrellus javanicus
1287;2793;Pipistrellus nathusii
1288;2794;Pipistrellus pipistrellus
1289;2797;Falsistrellus affinis
1290;2799;Pipistrellus cadornae
1291;2800;Pipistrellus ceylonicus
1292;2803;Pipistrellus coromandra
1293;2804;Scotozous dormeri
1294;2806;Pipistrellus inexspectatus
1295;2808;Rhinolophus macrotis
1296;2813;Pipistrellus nanulus
1297;2814;Pipistrellus papuanus
1298;2815;Proechimys simonsi
1299;2818;Pipistrellus paterculus
1300;2819;Pipistrellus pulveratus
1301;2820;Pipistrellus rueppellii
1302;2821;Pipistrellus stenopterus
1303;2822;Pipistrellus subflavus
1304;2823;Falsistrellus tasmaniensis
1305;2824;Pipistrellus tenuis
1306;2825;Pipistrellus rusticus
1307;2827;Proechimys steerei
1308;2833;Platyrrhinus lineatus
1309;2834;Plecotus austriacus
1310;2835;Platyrrhinus brachycephalus
1311;2837;Platyrrhinus infuscus
1312;2838;Platyrrhinus recifinus
1313;2839;Platyrrhinus vittatus
1314;2840;Plecotus auritus
1315;2842;Corynorhinus townsendii
1316;2843;Corynorhinus mexicanus
1317;2844;Corynorhinus rafinesquii
1318;2855;Potamogale velox
1319;2862;Praomys rostratus
1320;2871;Promops centralis
1321;2873;Presbytis rubicunda
1322;2877;Prionailurus bengalensis
1323;2878;Priodontes maximus
1324;2880;Prionailurus rubiginosus
1325;2884;Procolobus verus
1326;2887;Piliocolobus oustaleti
1327;2890;Trinomys iheringi
1328;2891;Piliocolobus tholloni
1329;2895;Proechimys brevicauda
1330;2897;Proechimys guyannensis
1331;2900;Proechimys cuvieri
1332;2901;Proechimys longicaudatus
1333;2904;Proechimys roberti
1334;2907;Proechimys goeldii
1335;2915;Caracal aurata
1336;2916;Promops nasutus
1337;2925;Proteles cristata
1338;2948;Pteropus alecto
1339;2949;Pteronotus davyi
1340;2950;Pteronotus gymnonotus
1341;2957;Pteromyscus pulverulentus
1342;2959;Pteronura brasiliensis
1343;2960;Rhinolophus pusillus
1344;2962;Rhinolophus coelophyllus
1345;2971;Pteropus macrotis
1346;2976;Pteropus neohibernicus
1347;2985;Pteropus scapulatus
1348;2999;Puma concolor
1349;3001;Pygoderma bilabiatum
1350;3003;Rhinolophus ferrumequinum
1351;3004;Rhinolophus hipposideros
1352;3008;Raphicerus sharpei
1353;3009;Raphicerus campestris
1354;3012;Rattus norvegicus
1355;3029;Ratufa bicolor
1356;3032;Redunca arundinum
1357;3033;Redunca fulvorufula
1358;3034;Redunca redunca
1359;3049;Rhabdomys pumilio
1360;3051;Rheithrosciurus macrotis
1361;3055;Rhinolophus blasii
1362;3057;Rhinolophus euryale
1363;3058;Speothos venaticus
1364;3060;Spermophilus citellus
1365;3061;Rhinolophus mehelyi
1366;3062;Rhinolophus acuminatus
1367;3064;Rhinolophus affinis
1368;3066;Rhinolophus alcyone
1369;3068;Rhinolophus bocharicus
1370;3072;Rhinolophus clivosus
1371;3073;Rhinolophus darlingi
1372;3075;Rhinolophus euryotis
1373;3076;Rhinolophus denti
1374;3077;Rhinolophus eloquens
1375;3079;Rhinolophus hildebrandtii
1376;3080;Rhinolophus malayanus
1377;3082;Rhinolophus fumigatus
1378;3083;Rhinolophus luctus
1379;3084;Rhinolophus marshalli
1380;3085;Rhinolophus megaphyllus
1381;3086;Rhinolophus landeri
1382;3087;Rhinolophus lepidus
1383;3091;Rhinolophus paradoxolophus
1384;3092;Rhinolophus pearsonii
1385;3095;Rhinolophus rouxii
1386;3097;Rhinolophus shameli
1387;3100;Rhinolophus sedulus
1388;3101;Rhinolophus simulator
1389;3102;Rhinolophus trifoliatus
1390;3103;Rhinolophus stheno
1391;3107;Rhinolophus swinnyi
1392;3108;Rhinolophus thomasi
1393;3112;Rhinopoma hardwickii
1394;3114;Rhinolophus yunanensis
1395;3116;Rhinonicteris aurantia
1396;3118;Rhinophylla fischerae
1397;3119;Rhinophylla pumilio
1398;3123;Rhinopoma microphyllum
1399;3124;Rhinopoma muscatellum
1400;3133;Rhogeessa minutilla
1401;3135;Rhogeessa parvula
1402;3136;Rhogeessa tumida
1403;3139;Rhynchocyon cirnei
1404;3143;Rhynchonycteris naso
1405;3153;Saccolaimus saccolaimus
1406;3154;Saccopteryx canescens
1407;3155;Rousettus leschenaultii
1408;3159;Saccolaimus flaviventris
1409;3161;Saccolaimus peli
1410;3162;Saccopteryx bilineata
1411;3163;Saccopteryx gymnura
1412;3164;Saccopteryx leptura
1413;3168;Saiga tatarica
1414;3170;Salpingotus crassicauda
1415;3174;Spermophilus major
1416;3175;Sphaeronycteris toxophyllum
1417;3176;Sciurus variegatoides
1418;3178;Scleronycteris ega
1419;3179;Sciurillus pusillus
1420;3181;Sciurus aestuans
1421;3184;Sciurus aureogaster
1422;3187;Sciurus gilvigularis
1423;3189;Sciurus ignitus
1424;3196;Scotoecus albofuscus
1425;3197;Scotoecus hirundo
1426;3199;Scotomanes ornatus
1427;3201;Scotonycteris zenkeri
1428;3203;Scotophilus dinganii
1429;3204;Scotophilus heathii
1430;3205;Scotophilus kuhlii
1431;3206;Sigmodon fulviventer
1432;3207;Scotophilus nux
1433;3210;Scotophilus leucogaster
1434;3211;Scotophilus nigrita
1435;3212;Scotophilus robustus
1436;3213;Scotophilus viridis
1437;3222;Sicista subtilis
1438;3223;Sicista tianshanica
1439;3226;Sigmodon arizonae
1440;3263;Spilocuscus maculatus
1441;3267;Otospermophilus beecheyi
1442;3268;Spermophilus fulvus
1443;3270;Ictidomys mexicanus
1444;3271;Urocitellus parryii
1445;3273;Spermophilus pygmaeus
1446;3275;Spermophilus suslicus
1447;3276;Xerospermophilus tereticaudus
1448;3277;Urocitellus undulatus
1449;3279;Otospermophilus variegatus
1450;3280;Spermophilus xanthoprymnus
1451;3281;Sundasciurus lowii
1452;3282;Sphaerias blanfordi
1453;3283;Coendou mexicanus
1454;3284;Coendou spinosus
1455;3291;Steatomys caurinus
1456;3293;Steatomys parvus
1457;3303;Tupaia glis
1458;3306;Sturnira lilium
1459;3307;Stochomys longicaudatus
1460;3311;Sturnira luisi
1461;3312;Sturnira magna
1462;3314;Sturnira bidens
1463;3315;Sturnira bogotensis
1464;3316;Sturnira erythromos
1465;3318;Sturnira tildae
1466;3319;Stylodipus andrewsi
1467;3321;Stylodipus telum
1468;3334;Sundasciurus tenuis
1469;3342;Syconycteris australis
1470;3343;Sylvicapra grimmia
1471;3344;Sylvisorex ollula
1472;3347;Syncerus caffer
1473;3349;Tachyoryctes splendens
1474;3351;Tadarida aegyptiaca
1475;3356;Tadarida ventralis
1476;3359;Tamandua mexicana
1477;3361;Tamiops macclellandii
1478;3363;Tamandua tetradactyla
1479;3365;Tamiops maritimus
1480;3373;Taphozous georgianus
1481;3374;Tamiops rodolphii
1482;3375;Tamiops swinhoei
1483;3377;Taphozous hilli
1484;3379;Taphozous longimanus
1485;3382;Taphozous mauritianus
1486;3383;Taphozous melanopogon
1487;3384;Taphozous theobaldi
1488;3385;Taphozous nudiventris
1489;3386;Taphozous perforatus
1490;3387;Taphozous troughtoni
1491;3393;Tapirus terrestris
1492;3394;Gerbilliscus kempi
1493;3395;Gerbilliscus nigricaudus
1494;3396;Tarsius bancanus
1495;3400;Gerbilliscus validus
1496;3408;Gerbilliscus guineae
1497;3411;Tatera indica
1498;3412;Taterillus congicus
1499;3417;Taterillus pygargus
1500;3418;Tetracerus quadricornis
1501;3420;Thalpomys cerradensis
1502;3421;Thalpomys lasiotis
1503;3443;Thrichomys apereoides
1504;3444;Thryonomys gregorianus
1505;3449;Tolypeutes matacus
1506;3450;Thyroptera discifera
1507;3451;Tolypeutes tricinctus
1508;3453;Thyroptera tricolor
1509;3454;Tonatia bidens
1510;3456;Trachops cirrhosus
1511;3459;Lophostoma schulzi
1512;3461;Trachypithecus phayrei
1513;3462;Trachypithecus cristatus
1514;3466;Tragelaphus strepsiceros
1515;3470;Triaenops persicus
1516;3471;Trichechus inunguis
1517;3474;Typhlomys cinereus
1518;3475;Trichys fasciculata
1519;3477;Trogopterus xanthipes
1520;3480;Tupaia longipes
1521;3481;Uroderma bilobatum
1522;3486;Tylomys nudicaudus
1523;3490;Tylonycteris pachypus
1524;3491;Tylonycteris robustula
1525;3492;Marmosa robinsoni
1526;3494;Panthera uncia
1527;3495;Uranomys ruddi
1528;3496;Urocyon cinereoargenteus
1529;3497;Uroderma magnirostrum
1530;3499;Uromys caudimaculatus
1531;3501;Marmosops noctivagus
1532;3503;Metachirus nudicaudatus
1533;3504;Marmosa demerarae
1534;3508;Vampyressa melissa
1535;3510;Ursus maritimus
1536;3511;Vampyressa pusilla
1537;3512;Vampyrum spectrum
1538;3515;Vernaya fulva
1539;3516;Vespertilio murinus
1540;3518;Vampyriscus bidens
1541;3519;Vampyriscus brocki
1542;3521;Vandeleuria oleracea
1543;3524;Vicugna vicugna
1544;3525;Vespertilio sinensis
1545;3530;Vulpes bengalensis
1546;3531;Vulpes cana
1547;3532;Vulpes corsac
1548;3533;Vulpes pallida
1549;3534;Vulpes velox
1550;3535;Vulpes chama
1551;3536;Vulpes ferrilata
1552;3537;Vulpes vulpes
1553;3538;Xenuromys barbatus
1554;3540;Miniopterus gleni
1555;3541;Mazama americana
1556;3542;Mazama gouazoubira
1557;3543;Wiedomys pyrrhorhinos
1558;3548;Zaedyus pichiy
1559;3553;Zygodontomys brevicauda
1560;3556;Zyzomys argurus
1561;3559;Atelerix algirus
1562;3563;Oligoryzomys stramineus
1563;3565;Proechimys gardneri
1564;3568;Crocidura suaveolens
1565;3573;Lasiurus atratus
1566;3577;Sorex alpinus
1567;3578;Sorex caecutiens
1568;3581;Sorex volnuchini
1569;3582;Suncus etruscus
1570;3584;Meles meles
1571;3587;Mustela erminea
1572;3588;Martes foina
1573;3589;Mustela eversmanii
1574;3590;Ovibos moschatus
1575;3591;Rousettus aegyptiacus
1576;3592;Damaliscus pygargus
1577;3593;Rangifer tarandus
1578;3595;Alouatta guariba
1579;3597;Lagothrix cana
1580;3598;Ornithorhynchus anatinus
1581;3599;Didelphis albiventris
1582;3600;Didelphis aurita
1583;3601;Didelphis marsupialis
1584;3602;Anathana ellioti
1585;3605;Sminthopsis hirtipes
1586;3606;Ovis dalli
1587;3607;Rupicapra rupicapra
1588;3608;Nycticebus coucang
1589;3609;Lonchorhina inusitata
1590;3611;Semnopithecus entellus
1591;3616;Myotis gomantongensis
1592;3617;Semnopithecus schistaceus
1593;3620;Glaucomys sabrinus
1594;3621;Nycticebus menagensis
1595;3622;Sminthopsis longicaudata
1596;3624;Sminthopsis macroura
1597;3626;Nycticebus bengalensis
1598;3627;Sminthopsis murina
1599;3632;Sminthopsis ooldea
1600;3636;Semnopithecus dussumieri
1601;3643;Isoodon macrourus
1602;3653;Lagothrix poeppigii
1603;3658;Callicebus nigrifrons
1604;3659;Alouatta palliata
1605;3661;Saguinus fuscicollis
1606;3665;Alouatta belzebul
1607;3667;Sapajus apella
1608;3678;Micronycteris brosseti
1609;3685;Miniopterus manavi
1610;3686;Didelphis virginiana
1611;3687;Lutreolina crassicaudata
1612;3688;Marmosa mexicana
1613;3689;Marmosa murina
1614;3690;Marmosa rubra
1615;3691;Marmosa regina
1616;3692;Monodelphis brevicaudata
1617;3693;Antechinus flavipes
1618;3694;Paraechinus aethiopicus
1619;3695;Monodelphis domestica
1620;3696;Philander andersoni
1621;3697;Philander opossum
1622;3699;Thylamys velutinus
1623;3702;Dasykaluta rosamondae
1624;3703;Ningaui ridei
1625;3706;Planigale gilesi
1626;3707;Planigale ingrami
1627;3708;Planigale maculata
1628;3709;Sminthopsis dolichura
1629;3710;Planigale tenuirostris
1630;3711;Pseudantechinus macdonnellensis
1631;3713;Pseudantechinus woolleyae
1632;3715;Sminthopsis crassicaudata
1633;3716;Sminthopsis youngsoni
1634;3717;Aepyprymnus rufescens
1635;3718;Abrocoma cinerea
1636;3720;Vombatus ursinus
1637;3722;Macropus agilis
1638;3723;Macropus antilopinus
1639;3724;Macropus dorsalis
1640;3725;Macropus fuliginosus
1641;3727;Galagoides thomasi
1642;3728;Macropus robustus
1643;3729;Macropus rufogriseus
1644;3730;Macropus parryi
1645;3731;Macropus rufus
1646;3732;Onychogalea unguifera
1647;3738;Cercartetus nanus
1648;3740;Petauroides volans
1649;3742;Pseudocheirus peregrinus
1650;3746;Acrobates pygmaeus
1651;3747;Trichosurus vulpecula
1652;3750;Elephantulus myurus
1653;3751;Elephantulus rozeti
1654;3753;Oreamnos americanus
1655;3760;Setifer setosus
1656;3761;Tenrec ecaudatus
1657;3763;Echinosorex gymnura
1658;3765;Paraechinus micropus
1659;3770;Crocidura attenuata
1660;3771;Crocidura batesi
1661;3774;Crocidura denti
1662;3778;Pseudochirulus canescens
1663;3783;Alouatta macconnelli
1664;3785;Papio anubis
1665;3786;Galagoides demidoff
1666;3787;Galagoides granti
1667;3789;Lepus capensis
1668;3796;Equus quagga
1669;3797;Lepus comus
1670;3802;Lepus europaeus
1671;3805;Ochotona alpina
1672;3806;Ochotona cansus
1673;3808;Ochotona collaris
1674;3809;Ochotona curzoniae
1675;3810;Ochotona dauurica
1676;3811;Ochotona erythrotis
1677;3812;Ochotona gloveri
1678;3813;Ochotona ladacensis
1679;3814;Ochotona macrotis
1680;3815;Ochotona princeps
1681;3816;Ochotona roylei
1682;3817;Ochotona rufescens
1683;3819;Ochotona thibetana
1684;3821;Lepus americanus
1685;3822;Lepus arcticus
1686;3824;Lepus californicus
1687;3825;Sylvilagus nuttallii
1688;3826;Lepus nigricollis
1689;3828;Lepus mandshuricus
1690;3829;Lepus oiostolus
1691;3830;Lepus peguensis
1692;3831;Lepus saxatilis
1693;3832;Lepus sinensis
1694;3835;Tachyglossus aculeatus
1695;3837;Pronolagus randensis
1696;3838;Lepus townsendii
1697;3839;Lepus habessinicus
1698;3840;Oryctolagus cuniculus
1699;3842;Pronolagus rupestris
1700;3843;Sylvilagus aquaticus
1701;3844;Sylvilagus audubonii
1702;3845;Sylvilagus brasiliensis
1703;3846;Sylvilagus floridanus
1704;3849;Sylvilagus bachmani
1705;3850;Sylvilagus palustris
1706;3852;Lepus granatensis
1707;3853;Lepus tibetanus
1708;3854;Lepus tolai
1709;3856;Crocidura gmelini
1710;3859;Crocidura monticola
1711;3863;Crocidura lamottei
1712;3873;Crocidura turba
1713;3876;Tupaia minor
1714;3884;Sorex asper
1715;3885;Tupaia tana
1716;3889;Sorex mirabilis
1717;3891;Sorex bedfordiae
1718;3893;Sorex camtschatica
1719;3896;Sorex fumeus
1720;3905;Episoriculus caudatus
1721;3909;Suncus lixus
1722;3910;Suncus madagascariensis
1723;3911;Suncus murinus
1724;3913;Scutisorex somereni
1725;3914;Suncus stoliczkanus
1726;3915;Suncus varilla
1727;3917;Sylvisorex johnstoni
1728;3919;Suncus megalura
1729;3921;Nectogale elegans
1730;3926;Mogera insularis
1731;3928;Mogera robusta
1732;3931;Parascaptor leucura
1733;3932;Scaptonyx fusicaudus
1734;3933;Talpa altaica
1735;3936;Talpa europaea
1736;3937;Talpa levantis
1737;3938;Talpa occidentalis
1738;3942;Uropsilus gracilis
1739;3944;Galeopterus variegatus
1740;3947;Tupaia belangeri
1741;3948;Tupaia dorsalis
1742;3952;Tupaia splendidula
1743;3953;Ochotona turuchanensis
1744;3954;Orycteropus afer
1745;3958;Antechinus swainsonii
1746;3960;Herpestes ichneumon
1747;3961;Herpestes naso
1748;3962;Herpestes semitorquatus
1749;3967;Callithrix jacchus
1750;3968;Melogale moschata
1751;3971;Macropus giganteus
1752;3972;Saimiri sciureus
1753;3974;Mellivora capensis
1754;3975;Conepatus chinga
1755;3976;Conepatus humboldtii
1756;3977;Conepatus leuconotus
1757;3978;Conepatus semistriatus
1758;3979;Mephitis macroura
1759;3980;Mephitis mephitis
1760;3981;Spilogale putorius
1761;3983;Galictis cuja
1762;3984;Galictis vittata
1763;3989;Callithrix penicillata
1764;3994;Aotus azarae
1765;3996;Saguinus mystax
1766;3997;Saguinus midas
1767;3998;Cormura brevirostris
1768;4002;Rhinolophus sinicus
1769;4003;Tonatia saurophila
1770;4004;Eptesicus gobiensis
1771;4005;Lasiurus xanthinus
1772;4006;Nycticeinops schlieffeni
1773;4009;Eira barbara
1774;4011;Pusa hispida
1775;4013;Martes flavigula
1776;4014;Cebuella pygmaea
1777;4015;Saimiri boliviensis
1778;4016;Bassariscus astutus
1779;4017;Saimiri ustus
1780;4018;Aotus nigriceps
1781;4019;Aotus trivirgatus
1782;4020;Alouatta caraya
1783;4022;Aotus vociferans
1784;4024;Ateles chamek
1785;4026;Callicebus pallescens
1786;4028;Callicebus cupreus
1787;4031;Procyon lotor
1788;4033;Callicebus moloch
1789;4034;Martes pennanti
1790;4038;Miopithecus ogouensis
1791;4040;Martes zibellina
1792;4041;Mustela altaica
1793;4042;Mustela frenata
1794;4043;Mustela kathiah
1795;4047;Mustela nudipes
1796;4052;Nandinia binotata
1797;4053;Atilax paludinosus
1798;4054;Mustela putorius
1799;4055;Callicebus lugens
1800;4056;Crossarchus alexandri
1801;4057;Crossarchus ansorgei
1802;4058;Crossarchus obscurus
1803;4061;Crossarchus platycephalus
1804;4062;Cynictis penicillata
1805;4063;Dologale dybowskii
1806;4064;Mustela sibirica
1807;4071;Vulpes macrotis
1808;4072;Vulpes zerda
1809;4074;Bdeogale crassicauda
1810;4075;Bdeogale nigripes
1811;4076;Herpestes pulverulentus
1812;4077;Helogale hirtula
1813;4078;Helogale parvula
1814;4079;Herpestes brachyurus
1815;4080;Herpestes edwardsii
1816;4081;Herpestes smithii
1817;4084;Ichneumia albicauda
1818;4085;Mungos mungo
1819;4086;Paracynictis selousi
1820;4087;Rhynchogale melleri
1821;4088;Suricata suricatta
1822;4089;Melogale personata
1823;4090;Ictonyx libycus
1824;4091;Ictonyx striatus
1825;4092;Lyncodon patagonicus
1826;4093;Martes americana
1827;4094;Mustela itatsi
1828;4096;Neovison vison
1829;4097;Poecilogale albinucha
1830;4098;Taxidea taxus
1831;4102;Potos flavus
1832;4103;Nasua narica
1833;4104;Nasua nasua
1834;4105;Procyon cancrivorus
1835;4106;Arctictis binturong
1836;4107;Hemigalus derbyanus
1837;4108;Arctogalidia trivirgata
1838;4109;Paguma larvata
1839;4110;Paradoxurus hermaphroditus
1840;4111;Civettictis civetta
1841;4112;Genetta angolensis
1842;4116;Genetta genetta
1843;4117;Genetta maculata
1844;4118;Poiana richardsonii
1845;4119;Prionodon linsang
1846;4120;Genetta servalina
1847;4121;Genetta thierryi
1848;4123;Genetta victoriae
1849;4124;Viverra tangalunga
1850;4125;Prionodon pardicolor
1851;4126;Viverra megaspila
1852;4127;Potamochoerus larvatus
1853;4131;Viverra zibetha
1854;4132;Viverricula indica
1855;4134;Physeter macrocephalus
1856;4136;Sus scrofa
1857;4137;Procavia capensis
1858;4139;Hylochoerus meinertzhageni
1859;4144;Potamochoerus porcus
1860;4145;Sus barbatus
1861;4147;Pecari tajacu
1862;4148;Tayassu pecari
1863;4151;Tragulus napu
1864;4153;Axis axis
1865;4155;Poliocitellus franklinii
1866;4157;Rusa unicolor
1867;4158;Muntiacus atherodes
1868;4159;Muntiacus muntjak
1869;4160;Muntiacus reevesi
1870;4161;Capreolus pygargus
1871;4162;Cynomys leucurus
1872;4164;Rhinosciurus laticaudatus
1873;4165;Urocitellus columbianus
1874;4167;Sciurus carolinensis
1875;4168;Urocitellus beldingi
1876;4170;Urocitellus elegans
1877;4172;Urocitellus mollis
1878;4173;Callospermophilus lateralis
1879;4178;Urocitellus richardsonii
1880;4180;Xerospermophilus spilosoma
1881;4181;Ictidomys tridecemlineatus
1882;4195;Microtus xanthognathus
1883;4199;Dipodomys microps
1884;4200;Dicrostonyx nelsoni
1885;4204;Microtus montanus
1886;4208;Synaptomys borealis
1887;4209;Elephantulus brachyrhynchus
1888;4212;Elephantulus intufi
1889;4213;Elephantulus rufescens
1890;4214;Petrodromus tetradactylus
1891;4217;Saguinus niger
1892;4218;Sapajus macrocephalus
1893;4220;Chiropotes chiropotes
1894;4222;Aonyx cinereus
1895;4223;Alouatta discolor
1896;4225;Tragelaphus derbianus
1897;4229;Miniopterus natalensis
1898;4230;Hipposideros gigas
1899;4232;Myotis punicus
1900;4235;Sauromys petrophilus
1901;4239;Epomophorus crypturus
1902;4240;Lissonycteris angolensis
1903;4252;Glauconycteris alboguttata
1904;4253;Glauconycteris argentata
1905;4254;Glauconycteris beatrix
1906;4256;Glauconycteris egeria
1907;4258;Glauconycteris humeralis
1908;4261;Glauconycteris poensis
1909;4263;Glauconycteris variegata
1910;4266;Pipistrellus crassulus
1911;4268;Pipistrellus anchietae
1912;4269;Pipistrellus musciculus
1913;4270;Hypsugo savii
1914;4271;Anomalurus beecrofti
1915;4279;Mastomys huberti
1916;4286;Neoromicia brunnea
1917;4287;Neoromicia capensis
1918;4289;Neoromicia guineensis
1919;4290;Neoromicia helios
1920;4291;Neoromicia melckorum
1921;4292;Neoromicia nana
1922;4293;Neoromicia rendalli
1923;4294;Neoromicia somalica
1924;4295;Neoromicia tenuipinnis
1925;4296;Neoromicia zuluensis
1926;4300;Acomys airensis
1927;4301;Aethomys ineptus
1928;4302;Arvicanthis ansorgei
1929;4303;Arvicanthis rufinus
1930;4304;Mastomys kollmannspergeri
1931;4306;Gerbillus campestris
1932;4339;Rhogeessa hussoni
1933;4343;Sapajus libidinosus
1934;4356;Akodon paranaensis
1935;4357;Spermophilus pallidicauda
1936;4364;Rhipidomys emiliae
1937;4378;Kerivoula kachinensis
1938;4390;Genetta pardina
1939;4395;Cynopterus luzoniensis
1940;4397;Centronycteris centralis
1941;4401;Philander frenatus
1942;4405;Sorex veraecrucis
1943;4413;Sorex antinorii
1944;4417;Kerivoula titania
1945;4427;Carollia sowelli
1946;4437;Hipposideros vittatus
1947;4440;Mus musculoides
1948;4442;Meles leucurus
1949;4446;Platyrrhinus albericoi
1950;4447;Myotis dinellii
1951;4448;Chlorocebus tantalus
1952;4449;Oxymycterus amazonicus
1953;4455;Sciurocheirus gabonensis
1954;4466;Plecotus macrobullaris
1955;4487;Hylopetes platyurus
1956;4490;Chlorocebus sabaeus
1957;4492;Chlorocebus pygerythrus
1958;4495;Cerradomys maracajuensis
1959;4500;Tragulus kanchil
1960;4504;Mazama temama
1961;4505;Chlorocebus cynosuros
1962;4506;Histiotus magellanicus
1963;4508;Mico melanurus
1964;4511;Marmosops bishopi
1965;4527;Platyrrhinus nigellus
1966;4543;Neacomys paracou
1967;4547;Dyacopterus brooksi
1968;4552;Natalus mexicanus
1969;4554;Blarinella griselda
1970;4555;Sapajus cay
1971;4557;Cerradomys scotti
1972;4566;Didelphis pernigra
1973;4576;Murina hilgendorfi
1974;4583;Cynopterus minutus
1975;4584;Micronycteris microtis
1976;4587;Myotis laniger
1977;4600;Sturnira oporaphilum
1978;4601;Natalus espiritosantensis
1979;4604;Myotis nipalensis
1980;4606;Crocidura vorax
1981;4614;Eliomys munbyanus
1982;4618;Plecotus kolombatovici
1983;4624;Alouatta arctoidea
1984;4630;Philander mcilhennyi
1985;4639;Steatomys opimus
1986;4659;Cryptonanus agricolai
1987;4663;Myotis macropus
1988;4665;Muntiacus vaginalis
1989;4667;Reithrodon typicus
1990;4668;Moschiola indica
1991;4670;Myotis aurascens
1992;4675;Pipistrellus alaschanicus
1993;4677;Mimon cozumelae
1994;4689;Crocidura foetida
1995;4691;Marmosops pinheiroi
1996;4699;Didelphis imperfecta
1997;4704;Plecotus ognevi
1998;4706;Neofelis diardi
1999;4709;Steatomys bocagei
2000;4712;Cercocebus agilis
2001;4716;Pseudantechinus roryi
2002;4721;Rhinolophus shortridgei
2003;4726;Spilogale angustifrons
2004;4732;Pipistrellus pygmaeus
2005;4742;Leptonycteris yerbabuenae
2006;4745;Myoprocta pratti
2007;4746;Myotis occultus
2008;4749;Thylamys karimii
2009;4753;Vampyressa thyone
2010;4761;Myotis alcathoe
2011;4764;Lasiurus varius
2012;4779;Coendou quichua
2013;4780;Phyllomys medius
2014;4785;Mazama nemorivaga
2015;4787;Pronolagus saundersiae
2016;4790;Sapajus nigritus
2017;4803;Crocidura indochinensis
2018;4810;Coendou melanurus
2019;4812;Pipistrellus hesperidus
2020;4847;Myotis melanorhinus
2021;4855;Spilogale gracilis
2022;4856;Mormopterus loriae
2023;4868;Eumops trumbulli
2024;4872;Eumops patagonicus
2025;4874;Nyctalus plancyi
2026;4878;Perodicticus ibeanus
2027;4881;Cercopithecus denti
2028;4884;Marmosa paraguayanus
2029;4885;Cryptonanus chacoensis
2030;4886;Papio kindae
2031;4887;Perodicticus edwardsi
2032;4896;Sotalia fluviatilis
2033;4902;Thylamys pulchellus
2034;4905;Thylamys pallidior
2035;4918;Cervus elaphus
2036;4919;Cervus canadensis
2037;4920;Alces alces
2038;4921;Macroscelides proboscideus
2039;4933;Maxomys tajuddinii
2040;4952;Phyllomys sulinus
2041;4953;Acomys spinosissimus
2042;4954;Lophuromys flavopunctatus
2043;4962;Bassaricyon alleni
2044;4966;Herpestes javanicus
2045;4967;Myonycteris torquata
2046;4968;Myonycteris leptodon
2047;4969;Monodelphis peruviana
2048;4970;Monodelphis adusta
2049;4977;Leopardus guttulus
2050;4978;Leopardus tigrinus
2051;4982;Felis silvestris
2052;4983;Pseudois nayaur
2053;4985;Ammotragus lervia
2054;4994;Arctonyx albogularis
2055;4995;Mustela nivalis
2056;4996;Herpestes auropunctatus
2057;4997;Arctonyx collaris
2058;5006;Eptesicus isabellinus
2059;5007;Epomophorus minor
2060;5009;Megaloglossus woermanni
2061;5010;Dermanura glauca
2062;5011;Dermanura phaeotis
2063;5012;Epomophorus labiatus
2064;5013;Ochotona mantchurica
2065;5015;Cynomops paranus
2066;5016;Cynomops milleri
2067;5018;Eumops bonariensis
2068;5019;Eumops glaucinus
2069;5021;Pteronotus mesoamericanus
2070;5022;Pteronotus rubiginosus
2071;5023;Peropteryx pallidoptera
2072;5025;Rhogeessa io
2073;5026;Vampyrodes caraccioli
2074;5027;Vampyrodes major
2075;5030;Galea leucoblephara
2076;5031;Cavia aperea
2077;5035;Sturnira ludovici
2078;5036;Platyrrhinus helleri
2079;5038;Platyrrhinus dorsalis
2080;5041;Ochotona hyperborea
2081;5044;Molossus currentium
2082;5046;Anoura caudifer
2083;5047;Anoura geoffroyi
2084;5048;Artibeus jamaicensis
2085;5050;Carollia castanea
2086;5054;Lophostoma silvicolum
2087;5057;Lasiurus blossevillii
2088;5058;Marmosops impavidus
2089;5059;Dasyprocta leporina
2090;5061;Dasyprocta punctata
2091;5062;Dasyprocta variegata
2092;5064;Perodicticus potto
2093;5065;Chaetophractus vellerosus
2094;5066;Papio cynocephalus
2095;5067;Isothrix bistriata
2096;5070;Thrichomys laurentius
2097;5078;Thomasomys aureus
2098;5081;Monodelphis americana
2099;5082;Monodelphis scalops
2100;5083;Monodelphis glirina
2101;5084;Dermanura watsoni
2102;5086;Lophostoma carrikeri
2103;5087;Ochotona pallasii
2104;5089;Coendou prehensilis
2105;5091;Balionycteris maculata
2106;5096;Echimys chrysurus
2107;5099;Scotorepens greyii
2108;5102;Nycticeius humeralis
2109;5103;Acinonyx jubatus
2110;5107;Balantiopteryx plicata
2111;5109;Blastocerus dichotomus
2112;5114;Acomys russatus
2113;5121;Aepyceros melampus
2114;5123;Aeromys tephromelas
2115;5128;Cuniculus paca
2116;5129;Histiotus alienus
2117;5130;Cuniculus taczanowskii
2118;5137;Histiotus macrotus
2119;5144;Thaptomys nigrita
2120;5145;Abrothrix olivaceus
2121;5148;Akodon toba
2122;5157;Alcelaphus buselaphus
2123;5158;Histiotus montanus
2124;5160;Histiotus velatus
2125;5163;Allactaga euphratica
2126;5164;Allenopithecus nigroviridis
2127;5168;Vulpes lagopus
2128;5179;Mops spurrelli
2129;5185;Anomalurus pusillus
2130;5189;Anoura cultrata
2131;5190;Antilope cervicapra
2132;5192;Anoura latidens
2133;5194;Antechinomys laniger
2134;5198;Antrozous pallidus
2135;5199;Aonyx capensis
2136;5200;Aonyx congicus
2137;5204;Aselliscus stoliczkanus
2138;5207;Apodemus speciosus
2139;5220;Arctocebus aureus
2140;5229;Dermanura cinerea
2141;5230;Artibeus concolor
2142;5231;Artibeus fimbriatus
2143;5233;Dermanura gnoma
2144;5234;Enchisthenes hartii
2145;5236;Petaurista philippensis
2146;5238;Artibeus amplus
2147;5239;Dermanura anderseni
2148;5240;Dermanura azteca
2149;5242;Artibeus lituratus
2150;5243;Artibeus obscurus
2151;5244;Artibeus planirostris
2152;5246;Dermanura tolteca
2153;5248;Arvicola sapidus
2154;5250;Asellia tridens
2155;5253;Dasycercus blythi
2156;5256;Ateles geoffroyi
2157;5259;Ateles belzebuth
2158;5260;Ateles marginatus
2159;5263;Ateles paniscus
2160;5264;Atherurus macrourus
2161;5269;Balaenoptera musculus
2162;5271;Balaenoptera bonaerensis
2163;5279;Balaenoptera acutorostrata
2164;5280;Barbastella barbastellus
2165;5283;Barbastella leucomelas
2166;5289;Bassariscus sumichrasti
2167;5292;Vulpes rueppellii
2168;5295;Budorcas taxicolor
2169;5296;Vormela peregusna
2170;5298;Bos gaurus
2171;5300;Belomys pearsonii
2172;5314;Blanfordimys afghanus
2173;5319;Brachylagus idahoensis
2174;5320;Bos mutus
2175;5327;Bradypus tridactylus
2176;5328;Bradypus variegatus
2177;5336;Graphiurus microtis
2178;5343;Callosciurus prevostii
2179;5344;Cabassous chacoensis
2180;5345;Cabassous tatouay
2181;5346;Cabassous unicinctus
2182;5350;Callosciurus caniceps
2183;5351;Cabassous centralis
2184;5354;Callosciurus erythraeus
2185;5355;Callosciurus finlaysonii
2186;5361;Callimico goeldii
2187;5371;Callosciurus nigrovittatus
2188;5376;Callosciurus pygerythrus
2189;5377;Caluromys philander
2190;5380;Caluromys derbianus
2191;5382;Caluromys lanatus
2192;5384;Canis aureus
2193;5386;Canis adustus
2194;5387;Canis mesomelas
2195;5388;Canis latrans
2196;5389;Canis lupus
2197;5393;Leptailurus serval
2198;5394;Capra aegagrus
2199;5400;Capricornis milneedwardsii
2200;5402;Capricornis thar
2201;5405;Caracal caracal
2202;5407;Cardiocranius paradoxus
2203;5408;Cardioderma cor
2204;5409;Carollia perspicillata
2205;5410;Centurio senex
2206;5412;Carollia brevicauda
2207;5417;Euoticus elegantulus
2208;5418;Casinycteris argynnis
2209;5419;Castor canadensis
2210;5423;Euphractus sexcinctus
2211;5425;Centronycteris maximiliani
2212;5426;Cavia fulgida
2213;5428;Cavia tschudii
;5429;Sapajus xanthosternos
