"","x"
"1","Abrocoma.cinerea"
"2","Abrothrix.andinus"
"3","Abrothrix.jelskii"
"4","Abrothrix.longipilis"
"5","Abrothrix.olivaceus"
"6","Acomys.airensis"
"7","Acomys.cahirinus"
"8","Acomys.cineraceus"
"9","Acomys.dimidiatus"
"10","Acomys.johannis"
"11","Acomys.kempi"
"12","Acomys.louisae"
"13","Acomys.russatus"
"14","Acomys.spinosissimus"
"15","Acomys.wilsoni"
"16","Acrobates.pygmaeus"
"17","Aepyprymnus.rufescens"
"18","Aeromys.tephromelas"
"19","Aeromys.thomasi"
"20","Aethomys.chrysophilus"
"21","Aethomys.hindei"
"22","Aethomys.ineptus"
"23","Aethomys.kaiseri"
"24","Aethomys.nyikae"
"25","Akodon.albiventer"
"26","Akodon.azarae"
"27","Akodon.cursor"
"28","Akodon.iniscatus"
"29","Akodon.molinae"
"30","Akodon.montensis"
"31","Akodon.paranaensis"
"32","Akodon.toba"
"33","Allactaga.bullata"
"34","Allactaga.elater"
"35","Allactaga.euphratica"
"36","Allactaga.hotsoni"
"37","Allactaga.severtzovi"
"38","Allactaga.sibirica"
"39","Allactaga.williamsi"
"40","Allocricetulus.curtatus"
"41","Allocricetulus.eversmanni"
"42","Alticola.argentatus"
"43","Alticola.lemminus"
"44","Alticola.semicanus"
"45","Alticola.stoliczkanus"
"46","Alticola.strelzowi"
"47","Ammospermophilus.leucurus"
"48","Anomalurus.beecrofti"
"49","Anomalurus.derbianus"
"50","Anomalurus.pusillus"
"51","Anourosorex.squamipes"
"52","Antechinomys.laniger"
"53","Antechinus.flavipes"
"54","Antechinus.swainsonii"
"55","Apodemus.chevrieri"
"56","Apodemus.draco"
"57","Apodemus.flavicollis"
"58","Apodemus.latronum"
"59","Apodemus.mystacinus"
"60","Apodemus.pallipes"
"61","Apodemus.peninsulae"
"62","Apodemus.ponticus"
"63","Apodemus.sylvaticus"
"64","Apodemus.uralensis"
"65","Apodemus.witherbyi"
"66","Arvicanthis.ansorgei"
"67","Arvicanthis.neumanni"
"68","Arvicanthis.niloticus"
"69","Arvicanthis.rufinus"
"70","Arvicola.sapidus"
"71","Arvicola.scherman"
"72","Atelerix.albiventris"
"73","Atelerix.algirus"
"74","Atelerix.frontalis"
"75","Atherurus.africanus"
"76","Atherurus.macrourus"
"77","Auliscomys.sublimis"
"78","Baiomys.musculus"
"79","Baiomys.taylori"
"80","Bandicota.bengalensis"
"81","Bandicota.indica"
"82","Bandicota.savilei"
"83","Belomys.pearsonii"
"84","Berylmys.berdmorei"
"85","Berylmys.bowersi"
"86","Bibimys.labiosus"
"87","Blanfordimys.afghanus"
"88","Blarina.brevicauda"
"89","Blarina.carolinensis"
"90","Blarina.hylophaga"
"91","Blarinella.griselda"
"92","Blarinomys.breviceps"
"93","Brachiones.przewalskii"
"94","Brachylagus.idahoensis"
"95","Callosciurus.caniceps"
"96","Callosciurus.erythraeus"
"97","Callosciurus.finlaysonii"
"98","Callosciurus.nigrovittatus"
"99","Callosciurus.notatus"
"100","Callosciurus.prevostii"
"101","Callosciurus.pygerythrus"
"102","Callospermophilus.lateralis"
"103","Calomys.callosus"
"104","Calomys.expulsus"
"105","Calomys.laucha"
"106","Calomys.lepidus"
"107","Calomys.musculinus"
"108","Calomys.tener"
"109","Calomyscus.baluchi"
"110","Caluromys.derbianus"
"111","Caluromys.lanatus"
"112","Caluromys.philander"
"113","Cannomys.badius"
"114","Cardiocranius.paradoxus"
"115","Caryomys.inez"
"116","Cavia.aperea"
"117","Cavia.fulgida"
"118","Cavia.tschudii"
"119","Cercartetus.nanus"
"120","Cerradomys.maracajuensis"
"121","Cerradomys.scotti"
"122","Cerradomys.subflavus"
"123","Chaetodipus.eremicus"
"124","Chaetodipus.hispidus"
"125","Chaetodipus.intermedius"
"126","Chaetodipus.nelsoni"
"127","Chelemys.macronyx"
"128","Chimarrogale.himalayica"
"129","Chimarrogale.styani"
"130","Chinchilla.chinchilla"
"131","Chionomys.nivalis"
"132","Chiromyscus.chiropus"
"133","Chironectes.minimus"
"134","Chiropodomys.gliroides"
"135","Chiropodomys.pusillus"
"136","Chodsigoa.hypsibia"
"137","Chodsigoa.parca"
"138","Clyomys.laticeps"
"139","Coendou.bicolor"
"140","Coendou.melanurus"
"141","Coendou.mexicanus"
"142","Coendou.nycthemera"
"143","Coendou.prehensilis"
"144","Coendou.quichua"
"145","Coendou.spinosus"
"146","Colomys.goslingi"
"147","Condylura.cristata"
"148","Cratogeomys.castanops"
"149","Cremnomys.cutchicus"
"150","Cricetomys.emini"
"151","Cricetomys.gambianus"
"152","Cricetulus.barabensis"
"153","Cricetulus.longicaudatus"
"154","Cricetulus.migratorius"
"155","Cricetulus.sokolovi"
"156","Cricetus.cricetus"
"157","Crocidura.attenuata"
"158","Crocidura.attila"
"159","Crocidura.batesi"
"160","Crocidura.cinderella"
"161","Crocidura.crenata"
"162","Crocidura.crossei"
"163","Crocidura.cyanea"
"164","Crocidura.denti"
"165","Crocidura.dolichura"
"166","Crocidura.foetida"
"167","Crocidura.foxi"
"168","Crocidura.fuliginosa"
"169","Crocidura.fulvastra"
"170","Crocidura.fuscomurina"
"171","Crocidura.gmelini"
"172","Crocidura.goliath"
"173","Crocidura.hildegardeae"
"174","Crocidura.hirta"
"175","Crocidura.indochinensis"
"176","Crocidura.jacksoni"
"177","Crocidura.lamottei"
"178","Crocidura.lasiura"
"179","Crocidura.leucodon"
"180","Crocidura.littoralis"
"181","Crocidura.ludia"
"182","Crocidura.luna"
"183","Crocidura.lusitania"
"184","Crocidura.macarthuri"
"185","Crocidura.mariquensis"
"186","Crocidura.maurisca"
"187","Crocidura.monticola"
"188","Crocidura.muricauda"
"189","Crocidura.nanilla"
"190","Crocidura.nigrofusca"
"191","Crocidura.obscurior"
"192","Crocidura.parvipes"
"193","Crocidura.pasha"
"194","Crocidura.poensis"
"195","Crocidura.roosevelti"
"196","Crocidura.russula"
"197","Crocidura.shantungensis"
"198","Crocidura.sibirica"
"199","Crocidura.silacea"
"200","Crocidura.turba"
"201","Crocidura.viaria"
"202","Crocidura.voi"
"203","Crocidura.vorax"
"204","Crocidura.whitakeri"
"205","Crocidura.yankariensis"
"206","Crocidura.zarudnyi"
"207","Cryptomys.hottentotus"
"208","Cryptonanus.agricolai"
"209","Cryptonanus.chacoensis"
"210","Cryptotis.parva"
"211","Cynomys.gunnisoni"
"212","Cynomys.leucurus"
"213","Cynomys.ludovicianus"
"214","Dactylomys.dactylinus"
"215","Dactylopsila.trivirgata"
"216","Dasycercus.blythi"
"217","Dasykaluta.rosamondae"
"218","Dasymys.incomtus"
"219","Dasymys.rufulus"
"220","Dasyprocta.azarae"
"221","Dasyprocta.fuliginosa"
"222","Dasyprocta.leporina"
"223","Dasyprocta.prymnolopha"
"224","Dasyprocta.punctata"
"225","Dasyprocta.variegata"
"226","Dasyurus.albopunctatus"
"227","Dasyurus.maculatus"
"228","Dendromus.melanotis"
"229","Dendromus.mesomelas"
"230","Dendromus.mystacalis"
"231","Dendromus.nyikae"
"232","Deomys.ferrugineus"
"233","Dephomys.defua"
"234","Desmana.moschata"
"235","Desmodilliscus.braueri"
"236","Desmodillus.auricularis"
"237","Dicrostonyx.groenlandicus"
"238","Dicrostonyx.hudsonius"
"239","Dicrostonyx.nelsoni"
"240","Dicrostonyx.richardsoni"
"241","Dicrostonyx.torquatus"
"242","Didelphis.albiventris"
"243","Didelphis.aurita"
"244","Didelphis.imperfecta"
"245","Didelphis.marsupialis"
"246","Didelphis.pernigra"
"247","Didelphis.virginiana"
"248","Diplomesodon.pulchellum"
"249","Dipodomys.merriami"
"250","Dipodomys.microps"
"251","Dipodomys.ordii"
"252","Dipodomys.spectabilis"
"253","Dipus.sagitta"
"254","Distoechurus.pennatus"
"255","Dolichotis.salinicola"
"256","Dremomys.lokriah"
"257","Dremomys.pernyi"
"258","Dremomys.rufigenis"
"259","Dryomys.nitedula"
"260","Echimys.chrysurus"
"261","Echinosorex.gymnura"
"262","Echymipera.kalubu"
"263","Echymipera.rufescens"
"264","Eligmodontia.morgani"
"265","Eligmodontia.puerulus"
"266","Eligmodontia.typus"
"267","Eliomys.munbyanus"
"268","Eliomys.quercinus"
"269","Ellobius.fuscocapillus"
"270","Ellobius.lutescens"
"271","Ellobius.tancrei"
"272","Eolagurus.luteus"
"273","Eolagurus.przewalskii"
"274","Eospalax.fontanierii"
"275","Eothenomys.melanogaster"
"276","Eothenomys.miletus"
"277","Eozapus.setchuanus"
"278","Episoriculus.caudatus"
"279","Episoriculus.macrurus"
"280","Epixerus.ebii"
"281","Eremodipus.lichtensteini"
"282","Erinaceus.amurensis"
"283","Erinaceus.concolor"
"284","Erinaceus.europaeus"
"285","Erinaceus.roumanicus"
"286","Euchoreutes.naso"
"287","Euneomys.petersoni"
"288","Euroscaptor.klossi"
"289","Euryoryzomys.macconnelli"
"290","Euryoryzomys.nitidus"
"291","Euryoryzomys.russatus"
"292","Euryzygomatomys.spinosus"
"293","Exilisciurus.exilis"
"294","Fukomys.bocagei"
"295","Fukomys.damarensis"
"296","Fukomys.mechowi"
"297","Fukomys.ochraceocinereus"
"298","Funambulus.palmarum"
"299","Funambulus.pennantii"
"300","Funisciurus.anerythrus"
"301","Funisciurus.congicus"
"302","Funisciurus.isabella"
"303","Funisciurus.lemniscatus"
"304","Funisciurus.leucogenys"
"305","Funisciurus.pyrropus"
"306","Galea.leucoblephara"
"307","Galea.spixii"
"308","Geomys.bursarius"
"309","Gerbilliscus.boehmi"
"310","Gerbilliscus.brantsii"
"311","Gerbilliscus.guineae"
"312","Gerbilliscus.kempi"
"313","Gerbilliscus.leucogaster"
"314","Gerbilliscus.nigricaudus"
"315","Gerbilliscus.robustus"
"316","Gerbilliscus.validus"
"317","Gerbillurus.paeba"
"318","Gerbillus.amoenus"
"319","Gerbillus.aquilus"
"320","Gerbillus.campestris"
"321","Gerbillus.cheesmani"
"322","Gerbillus.dasyurus"
"323","Gerbillus.gerbillus"
"324","Gerbillus.henleyi"
"325","Gerbillus.nancillus"
"326","Gerbillus.nanus"
"327","Gerbillus.pusillus"
"328","Gerbillus.pyramidum"
"329","Gerbillus.tarabuli"
"330","Glaucomys.sabrinus"
"331","Glaucomys.volans"
"332","Glironia.venusta"
"333","Glis.glis"
"334","Golunda.ellioti"
"335","Gracilinanus.agilis"
"336","Gracilinanus.microtarsus"
"337","Grammomys.cometes"
"338","Grammomys.dolichurus"
"339","Grammomys.kuru"
"340","Graomys.griseoflavus"
"341","Graphiurus.christyi"
"342","Graphiurus.crassicaudatus"
"343","Graphiurus.kelleni"
"344","Graphiurus.lorraineus"
"345","Graphiurus.microtis"
"346","Graphiurus.murinus"
"347","Graphiurus.nagtglasii"
"348","Graphiurus.ocularis"
"349","Handleyomys.alfaroi"
"350","Handleyomys.rostratus"
"351","Hapalomys.delacouri"
"352","Heimyscus.fumosus"
"353","Heliophobius.argenteocinereus"
"354","Heliosciurus.gambianus"
"355","Heliosciurus.mutabilis"
"356","Heliosciurus.rufobrachium"
"357","Hemiechinus.auritus"
"358","Heterocephalus.glaber"
"359","Heteromys.desmarestianus"
"360","Heteromys.irroratus"
"361","Heteromys.pictus"
"362","Holochilus.brasiliensis"
"363","Holochilus.chacarius"
"364","Holochilus.sciureus"
"365","Hybomys.trivirgatus"
"366","Hybomys.univittatus"
"367","Hydromys.chrysogaster"
"368","Hyladelphys.kalinowskii"
"369","Hylaeamys.megacephalus"
"370","Hylaeamys.perenensis"
"371","Hylaeamys.yunganus"
"372","Hylomys.suillus"
"373","Hylomyscus.aeta"
"374","Hylomyscus.alleni"
"375","Hylomyscus.denniae"
"376","Hylomyscus.parvus"
"377","Hylomyscus.stella"
"378","Hylopetes.alboniger"
"379","Hylopetes.phayrei"
"380","Hylopetes.platyurus"
"381","Hylopetes.spadiceus"
"382","Hystrix.crassispinis"
"383","Hystrix.sumatrae"
"384","Ictidomys.mexicanus"
"385","Ictidomys.tridecemlineatus"
"386","Idiurus.macrotis"
"387","Iomys.horsfieldii"
"388","Isoodon.macrourus"
"389","Isothrix.bistriata"
"390","Jaculus.blanfordi"
"391","Jaculus.jaculus"
"392","Jaculus.orientalis"
"393","Juliomys.pictipes"
"394","Kannabateomys.amblyonyx"
"395","Kerodon.rupestris"
"396","Kunsia.tomentosus"
"397","Lagidium.viscacia"
"398","Lagorchestes.conspicillatus"
"399","Lagostomus.maximus"
"400","Lagurus.lagurus"
"401","Lariscus.insignis"
"402","Lasiopodomys.brandtii"
"403","Lasiopodomys.mandarinus"
"404","Leggadina.forresti"
"405","Leggadina.lakedownensis"
"406","Lemmiscus.curtatus"
"407","Lemmus.amurensis"
"408","Lemmus.lemmus"
"409","Lemmus.sibiricus"
"410","Lemmus.trimucronatus"
"411","Lemniscomys.griselda"
"412","Lemniscomys.macculus"
"413","Lemniscomys.rosalia"
"414","Lemniscomys.striatus"
"415","Lemniscomys.zebra"
"416","Leopoldamys.edwardsi"
"417","Leopoldamys.sabanus"
"418","Lepus.arcticus"
"419","Lepus.californicus"
"420","Lepus.callotis"
"421","Lepus.capensis"
"422","Lepus.comus"
"423","Lepus.granatensis"
"424","Lepus.habessinicus"
"425","Lepus.mandshuricus"
"426","Lepus.nigricollis"
"427","Lepus.oiostolus"
"428","Lepus.peguensis"
"429","Lepus.saxatilis"
"430","Lepus.sinensis"
"431","Lepus.tibetanus"
"432","Lepus.tolai"
"433","Lepus.townsendii"
"434","Lepus.victoriae"
"435","Lepus.yarkandensis"
"436","Lestodelphys.halli"
"437","Lophiomys.imhausi"
"438","Lophuromys.flavopunctatus"
"439","Lophuromys.nudicaudus"
"440","Lophuromys.sikapusi"
"441","Loxodontomys.micropus"
"442","Lutreolina.crassicaudata"
"443","Macrotis.lagotis"
"444","Madromys.blanfordi"
"445","Makalata.didelphoides"
"446","Makalata.macrura"
"447","Malacomys.edwardsi"
"448","Malacomys.longipes"
"449","Malacothrix.typica"
"450","Marmosa.constantiae"
"451","Marmosa.demerarae"
"452","Marmosa.lepida"
"453","Marmosa.mexicana"
"454","Marmosa.murina"
"455","Marmosa.paraguayanus"
"456","Marmosa.regina"
"457","Marmosa.robinsoni"
"458","Marmosa.rubra"
"459","Marmosops.bishopi"
"460","Marmosops.impavidus"
"461","Marmosops.incanus"
"462","Marmosops.noctivagus"
"463","Marmosops.parvidens"
"464","Marmosops.pinheiroi"
"465","Marmota.broweri"
"466","Marmota.caligata"
"467","Marmota.camtschatica"
"468","Marmota.caudata"
"469","Marmota.flaviventris"
"470","Marmota.monax"
"471","Massoutiera.mzabi"
"472","Mastomys.coucha"
"473","Mastomys.erythroleucus"
"474","Mastomys.huberti"
"475","Mastomys.kollmannspergeri"
"476","Maxomys.rajah"
"477","Maxomys.surifer"
"478","Maxomys.tajuddinii"
"479","Maxomys.whiteheadi"
"480","Melanomys.caliginosus"
"481","Melomys.burtoni"
"482","Melomys.rufescens"
"483","Menetes.berdmorei"
"484","Meriones.crassus"
"485","Meriones.grandis"
"486","Meriones.hurrianae"
"487","Meriones.libycus"
"488","Meriones.meridianus"
"489","Meriones.persicus"
"490","Meriones.shawi"
"491","Meriones.tamariscinus"
"492","Meriones.tristrami"
"493","Meriones.unguiculatus"
"494","Mesechinus.dauuricus"
"495","Mesocricetus.brandti"
"496","Mesomys.hispidus"
"497","Mesomys.stimulax"
"498","Metachirus.nudicaudatus"
"499","Micaelamys.namaquensis"
"500","Microcavia.australis"
"501","Microryzomys.minutus"
"502","Microsciurus.flaviventer"
"503","Microtus.arvalis"
"504","Microtus.californicus"
"505","Microtus.chrotorrhinus"
"506","Microtus.duodecimcostatus"
"507","Microtus.fortis"
"508","Microtus.gregalis"
"509","Microtus.guentheri"
"510","Microtus.hyperboreus"
"511","Microtus.ilaeus"
"512","Microtus.levis"
"513","Microtus.limnophilus"
"514","Microtus.longicaudus"
"515","Microtus.maximowiczii"
"516","Microtus.mexicanus"
"517","Microtus.middendorffii"
"518","Microtus.miurus"
"519","Microtus.montanus"
"520","Microtus.ochrogaster"
"521","Microtus.pinetorum"
"522","Microtus.richardsoni"
"523","Microtus.socialis"
"524","Microtus.subterraneus"
"525","Microtus.xanthognathus"
"526","Millardia.meltada"
"527","Mogera.insularis"
"528","Monodelphis.adusta"
"529","Monodelphis.americana"
"530","Monodelphis.brevicaudata"
"531","Monodelphis.dimidiata"
"532","Monodelphis.domestica"
"533","Monodelphis.emiliae"
"534","Monodelphis.glirina"
"535","Monodelphis.iheringi"
"536","Monodelphis.kunsi"
"537","Monodelphis.peruviana"
"538","Monodelphis.scalops"
"539","Murexia.longicaudata"
"540","Mus.booduga"
"541","Mus.caroli"
"542","Mus.cookii"
"543","Mus.haussa"
"544","Mus.indutus"
"545","Mus.macedonicus"
"546","Mus.mahomet"
"547","Mus.minutoides"
"548","Mus.musculoides"
"549","Mus.pahari"
"550","Mus.phillipsi"
"551","Mus.platythrix"
"552","Mus.saxicola"
"553","Mus.setulosus"
"554","Mus.spicilegus"
"555","Mus.spretus"
"556","Mus.tenellus"
"557","Mus.terricolor"
"558","Mus.triton"
"559","Muscardinus.avellanarius"
"560","Mylomys.dybowskii"
"561","Myodes.gapperi"
"562","Myodes.shanseius"
"563","Myomyscus.brockmani"
"564","Myoprocta.acouchy"
"565","Myoprocta.pratti"
"566","Myosorex.varius"
"567","Myospalax.aspalax"
"568","Myospalax.myospalax"
"569","Myospalax.psilurus"
"570","Mystromys.albicaudatus"
"571","Nannosciurus.melanotis"
"572","Nannospalax.ehrenbergi"
"573","Nannospalax.xanthodon"
"574","Neacomys.paracou"
"575","Neacomys.spinosus"
"576","Necromys.benefactus"
"577","Necromys.lasiurus"
"578","Necromys.lenguarum"
"579","Nectogale.elegans"
"580","Nectomys.apicalis"
"581","Nectomys.rattus"
"582","Nectomys.squamipes"
"583","Neodon.irene"
"584","Neodon.juldaschi"
"585","Neomys.anomalus"
"586","Neotamias.amoenus"
"587","Neotamias.dorsalis"
"588","Neotamias.minimus"
"589","Neotamias.quadrivittatus"
"590","Neotamias.umbrinus"
"591","Neotoma.albigula"
"592","Neotoma.cinerea"
"593","Neotoma.floridana"
"594","Neotoma.lepida"
"595","Neotoma.leucodon"
"596","Neotoma.mexicana"
"597","Neotoma.micropus"
"598","Neotomys.ebriosus"
"599","Nephelomys.albigularis"
"600","Nesokia.indica"
"601","Ningaui.ridei"
"602","Niviventer.confucianus"
"603","Niviventer.cremoriventer"
"604","Niviventer.fulvescens"
"605","Niviventer.langbianis"
"606","Notiosorex.crawfordi"
"607","Notomys.alexis"
"608","Notomys.mitchellii"
"609","Nyctomys.sumichrasti"
"610","Ochotona.cansus"
"611","Ochotona.collaris"
"612","Ochotona.dauurica"
"613","Ochotona.erythrotis"
"614","Ochotona.gloveri"
"615","Ochotona.ladacensis"
"616","Ochotona.macrotis"
"617","Ochotona.mantchurica"
"618","Ochotona.princeps"
"619","Ochotona.pusilla"
"620","Ochotona.roylei"
"621","Ochotona.rufescens"
"622","Ochotona.thibetana"
"623","Ochotona.thomasi"
"624","Ochotona.turuchanensis"
"625","Ochrotomys.nuttalli"
"626","Octodontomys.gliroides"
"627","Oecomys.auyantepui"
"628","Oecomys.bicolor"
"629","Oecomys.catherinae"
"630","Oecomys.concolor"
"631","Oecomys.mamorae"
"632","Oecomys.roberti"
"633","Oecomys.rutilus"
"634","Oecomys.speciosus"
"635","Oecomys.superans"
"636","Oecomys.trinitatis"
"637","Oenomys.hypoxanthus"
"638","Oligoryzomys.chacoensis"
"639","Oligoryzomys.delticola"
"640","Oligoryzomys.destructor"
"641","Oligoryzomys.eliurus"
"642","Oligoryzomys.flavescens"
"643","Oligoryzomys.fornesi"
"644","Oligoryzomys.fulvescens"
"645","Oligoryzomys.longicaudatus"
"646","Oligoryzomys.microtis"
"647","Oligoryzomys.nigripes"
"648","Oligoryzomys.stramineus"
"649","Onychomys.arenicola"
"650","Onychomys.leucogaster"
"651","Onychomys.torridus"
"652","Orthogeomys.hispidus"
"653","Oryctolagus.cuniculus"
"654","Oryzomys.couesi"
"655","Oryzomys.palustris"
"656","Otomys.angoniensis"
"657","Otomys.irroratus"
"658","Otomys.typus"
"659","Otomys.unisulcatus"
"660","Otospermophilus.beecheyi"
"661","Otospermophilus.variegatus"
"662","Ototylomys.phyllotis"
"663","Oxymycterus.amazonicus"
"664","Oxymycterus.angularis"
"665","Oxymycterus.hispidus"
"666","Oxymycterus.inca"
"667","Oxymycterus.nasutus"
"668","Oxymycterus.quaestor"
"669","Oxymycterus.roberti"
"670","Pachyuromys.duprasi"
"671","Paracrocidura.schoutedeni"
"672","Paradipus.ctenodactylus"
"673","Paraechinus.aethiopicus"
"674","Paraechinus.hypomelas"
"675","Paraechinus.micropus"
"676","Paramelomys.platyops"
"677","Parascalops.breweri"
"678","Parascaptor.leucura"
"679","Paraxerus.boehmi"
"680","Paraxerus.cepapi"
"681","Paraxerus.flavovittis"
"682","Paraxerus.ochraceus"
"683","Paraxerus.palliatus"
"684","Paraxerus.poensis"
"685","Parotomys.brantsii"
"686","Parotomys.littledalei"
"687","Pectinator.spekei"
"688","Pedetes.capensis"
"689","Pedetes.surdaster"
"690","Pelomys.campanae"
"691","Pelomys.fallax"
"692","Perameles.nasuta"
"693","Perognathus.fasciatus"
"694","Perognathus.flavescens"
"695","Perognathus.flavus"
"696","Perognathus.longimembris"
"697","Perognathus.merriami"
"698","Perognathus.parvus"
"699","Peromyscus.attwateri"
"700","Peromyscus.boylii"
"701","Peromyscus.crinitus"
"702","Peromyscus.difficilis"
"703","Peromyscus.eremicus"
"704","Peromyscus.gossypinus"
"705","Peromyscus.gratus"
"706","Peromyscus.leucopus"
"707","Peromyscus.melanophrys"
"708","Peromyscus.melanotis"
"709","Peromyscus.nasutus"
"710","Peromyscus.pectoralis"
"711","Peromyscus.polionotus"
"712","Peromyscus.truei"
"713","Petaurista.alborufus"
"714","Petaurista.elegans"
"715","Petaurista.petaurista"
"716","Petaurista.philippensis"
"717","Petaurista.xanthotis"
"718","Petauroides.volans"
"719","Petaurus.breviceps"
"720","Petaurus.norfolcensis"
"721","Petinomys.genibarbis"
"722","Petinomys.setosus"
"723","Petromus.typicus"
"724","Petromyscus.collinus"
"725","Phaiomys.leucurus"
"726","Phalanger.gymnotis"
"727","Phalanger.orientalis"
"728","Phenacomys.intermedius"
"729","Phenacomys.ungava"
"730","Philander.frenatus"
"731","Philander.mcilhennyi"
"732","Philander.opossum"
"733","Phodopus.campbelli"
"734","Phodopus.roborovskii"
"735","Phodopus.sungorus"
"736","Phyllomys.lamarum"
"737","Phyllomys.medius"
"738","Phyllomys.sulinus"
"739","Phyllotis.xanthopygus"
"740","Planigale.gilesi"
"741","Planigale.ingrami"
"742","Planigale.maculata"
"743","Planigale.tenuirostris"
"744","Poliocitellus.franklinii"
"745","Potamogale.velox"
"746","Praomys.daltoni"
"747","Praomys.jacksoni"
"748","Praomys.rostratus"
"749","Praomys.tullbergi"
"750","Proechimys.brevicauda"
"751","Proechimys.cuvieri"
"752","Proechimys.gardneri"
"753","Proechimys.goeldii"
"754","Proechimys.guyannensis"
"755","Proechimys.longicaudatus"
"756","Proechimys.quadruplicatus"
"757","Proechimys.roberti"
"758","Proechimys.simonsi"
"759","Proechimys.steerei"
"760","Pronolagus.randensis"
"761","Pronolagus.rupestris"
"762","Pronolagus.saundersiae"
"763","Protoxerus.stangeri"
"764","Psammomys.obesus"
"765","Pseudantechinus.macdonnellensis"
"766","Pseudantechinus.roryi"
"767","Pseudantechinus.woolleyae"
"768","Pseudocheirus.peregrinus"
"769","Pseudochirulus.canescens"
"770","Pseudomys.bolami"
"771","Pseudomys.delicatulus"
"772","Pseudomys.desertor"
"773","Pseudomys.hermannsburgensis"
"774","Pseudomys.johnsoni"
"775","Pseudomys.nanus"
"776","Pseudomys.patrius"
"777","Pseudoryzomys.simplex"
"778","Pteromyscus.pulverulentus"
"779","Pygeretmus.platyurus"
"780","Pygeretmus.pumilio"
"781","Rattus.andamanensis"
"782","Rattus.argentiventer"
"783","Rattus.exulans"
"784","Rattus.fuscipes"
"785","Rattus.losea"
"786","Rattus.nitidus"
"787","Rattus.pyctoris"
"788","Rattus.tanezumi"
"789","Rattus.tiomanicus"
"790","Rattus.tunneyi"
"791","Rattus.villosissimus"
"792","Ratufa.affinis"
"793","Ratufa.bicolor"
"794","Reithrodon.auritus"
"795","Reithrodon.typicus"
"796","Reithrodontomys.fulvescens"
"797","Reithrodontomys.humulis"
"798","Reithrodontomys.megalotis"
"799","Reithrodontomys.mexicanus"
"800","Reithrodontomys.montanus"
"801","Rhabdomys.pumilio"
"802","Rheithrosciurus.macrotis"
"803","Rhinosciurus.laticaudatus"
"804","Rhipidomys.emiliae"
"805","Rhipidomys.leucodactylus"
"806","Rhipidomys.macrurus"
"807","Rhipidomys.mastacalis"
"808","Rhipidomys.nitela"
"809","Rhizomys.pruinosus"
"810","Rhizomys.sinensis"
"811","Rhizomys.sumatrensis"
"812","Rhombomys.opimus"
"813","Saccostomus.campestris"
"814","Saccostomus.mearnsi"
"815","Salpingotus.crassicauda"
"816","Salpingotus.kozlovi"
"817","Scalopus.aquaticus"
"818","Scapanulus.oweni"
"819","Scapanus.latimanus"
"820","Scapanus.orarius"
"821","Scaptochirus.moschatus"
"822","Scaptonyx.fusicaudus"
"823","Sciurillus.pusillus"
"824","Sciurotamias.davidianus"
"825","Sciurus.aestuans"
"826","Sciurus.anomalus"
"827","Sciurus.aureogaster"
"828","Sciurus.carolinensis"
"829","Sciurus.deppei"
"830","Sciurus.gilvigularis"
"831","Sciurus.granatensis"
"832","Sciurus.griseus"
"833","Sciurus.ignitus"
"834","Sciurus.igniventris"
"835","Sciurus.niger"
"836","Sciurus.spadiceus"
"837","Sciurus.variegatoides"
"838","Scutisorex.somereni"
"839","Setifer.setosus"
"840","Sicista.betulina"
"841","Sicista.concolor"
"842","Sicista.severtzovi"
"843","Sicista.strandi"
"844","Sicista.subtilis"
"845","Sicista.tianshanica"
"846","Sigmodon.alstoni"
"847","Sigmodon.arizonae"
"848","Sigmodon.fulviventer"
"849","Sigmodon.hirsutus"
"850","Sigmodon.hispidus"
"851","Sigmodon.ochrognathus"
"852","Sigmodontomys.alfari"
"853","Sminthopsis.crassicaudata"
"854","Sminthopsis.dolichura"
"855","Sminthopsis.hirtipes"
"856","Sminthopsis.longicaudata"
"857","Sminthopsis.macroura"
"858","Sminthopsis.murina"
"859","Sminthopsis.ooldea"
"860","Sminthopsis.youngsoni"
"861","Sooretamys.angouya"
"862","Sorex.alpinus"
"863","Sorex.antinorii"
"864","Sorex.arcticus"
"865","Sorex.asper"
"866","Sorex.bedfordiae"
"867","Sorex.camtschatica"
"868","Sorex.coronatus"
"869","Sorex.daphaenodon"
"870","Sorex.dispar"
"871","Sorex.fumeus"
"872","Sorex.gracillimus"
"873","Sorex.haydeni"
"874","Sorex.hoyi"
"875","Sorex.longirostris"
"876","Sorex.merriami"
"877","Sorex.monticolus"
"878","Sorex.nanus"
"879","Sorex.palustris"
"880","Sorex.preblei"
"881","Sorex.satunini"
"882","Sorex.trowbridgii"
"883","Sorex.ugyunak"
"884","Sorex.unguiculatus"
"885","Sorex.vagrans"
"886","Sorex.volnuchini"
"887","Spalax.microphthalmus"
"888","Spermophilopsis.leptodactylus"
"889","Spermophilus.alashanicus"
"890","Spermophilus.brevicauda"
"891","Spermophilus.citellus"
"892","Spermophilus.dauricus"
"893","Spermophilus.erythrogenys"
"894","Spermophilus.fulvus"
"895","Spermophilus.major"
"896","Spermophilus.pallidicauda"
"897","Spermophilus.pygmaeus"
"898","Spermophilus.suslicus"
"899","Spermophilus.xanthoprymnus"
"900","Spilocuscus.maculatus"
"901","Steatomys.bocagei"
"902","Steatomys.caurinus"
"903","Steatomys.krebsii"
"904","Steatomys.opimus"
"905","Steatomys.parvus"
"906","Steatomys.pratensis"
"907","Stochomys.longicaudatus"
"908","Stylodipus.andrewsi"
"909","Stylodipus.telum"
"910","Suncus.etruscus"
"911","Suncus.lixus"
"912","Suncus.madagascariensis"
"913","Suncus.megalura"
"914","Suncus.murinus"
"915","Suncus.stoliczkanus"
"916","Suncus.varilla"
"917","Sundamys.muelleri"
"918","Sundasciurus.hippurus"
"919","Sundasciurus.lowii"
"920","Sundasciurus.tenuis"
"921","Sylvilagus.aquaticus"
"922","Sylvilagus.audubonii"
"923","Sylvilagus.bachmani"
"924","Sylvilagus.brasiliensis"
"925","Sylvilagus.floridanus"
"926","Sylvilagus.nuttallii"
"927","Sylvilagus.palustris"
"928","Sylvisorex.johnstoni"
"929","Sylvisorex.ollula"
"930","Synaptomys.borealis"
"931","Synaptomys.cooperi"
"932","Tachyoryctes.splendens"
"933","Talpa.altaica"
"934","Talpa.europaea"
"935","Talpa.levantis"
"936","Tamias.striatus"
"937","Tamiasciurus.douglasii"
"938","Tamiops.macclellandii"
"939","Tamiops.maritimus"
"940","Tamiops.rodolphii"
"941","Tamiops.swinhoei"
"942","Tatera.indica"
"943","Taterillus.arenarius"
"944","Taterillus.congicus"
"945","Taterillus.emini"
"946","Taterillus.gracilis"
"947","Taterillus.pygargus"
"948","Tenrec.ecaudatus"
"949","Thallomys.nigricauda"
"950","Thallomys.paedulcus"
"951","Thalpomys.cerradensis"
"952","Thalpomys.lasiotis"
"953","Thaptomys.nigrita"
"954","Thomasomys.aureus"
"955","Thomomys.bottae"
"956","Thomomys.talpoides"
"957","Thomomys.umbrinus"
"958","Thrichomys.apereoides"
"959","Thryonomys.gregorianus"
"960","Thryonomys.swinderianus"
"961","Thylamys.karimii"
"962","Thylamys.pallidior"
"963","Thylamys.pulchellus"
"964","Thylamys.velutinus"
"965","Tlacuatzin.canescens"
"966","Transandinomys.talamancae"
"967","Trichosurus.vulpecula"
"968","Trichys.fasciculata"
"969","Trinomys.iheringi"
"970","Trinomys.setosus"
"971","Trogopterus.xanthipes"
"972","Tscherskia.triton"
"973","Tylomys.nudicaudus"
"974","Typhlomys.cinereus"
"975","Uranomys.ruddi"
"976","Urocitellus.beldingi"
"977","Urocitellus.elegans"
"978","Urocitellus.parryii"
"979","Urocitellus.richardsonii"
"980","Urocitellus.undulatus"
"981","Uromys.caudimaculatus"
"982","Uropsilus.gracilis"
"983","Vandeleuria.oleracea"
"984","Vernaya.fulva"
"985","Wiedomys.pyrrhorhinos"
"986","Xenuromys.barbatus"
"987","Xerospermophilus.spilosoma"
"988","Xerospermophilus.tereticaudus"
"989","Xerus.erythropus"
"990","Xerus.inauris"
"991","Xerus.rutilus"
"992","Zapus.hudsonius"
"993","Zapus.princeps"
"994","Zelotomys.hildegardeae"
"995","Zelotomys.woosnami"
"996","Zygodontomys.brevicauda"
"997","Zyzomys.argurus"
